date,dateName
2004-07-17,제헌절
2004-08-15,광복절
2004-09-27,추석
2004-09-28,추석
2004-09-29,추석
2004-10-03,개천절
2004-12-25,기독탄신일
2005-01-01,신정
2005-02-08,설날
2005-02-09,설날
2005-02-10,설날
2005-03-01,삼일절
2005-04-05,식목일
2005-05-05,어린이날
2005-05-15,석가탄신일
2005-06-06,현충일
2005-07-17,제헌절
2005-08-15,광복절
2005-09-17,추석
2005-09-18,추석
2005-09-19,추석
2005-10-03,개천절
2005-12-25,기독탄신일
2006-01-01,신정
2006-01-28,설날
2006-01-29,설날
2006-01-30,설날
2006-03-01,삼일절
2006-05-05,어린이날
2006-05-05,석가탄신일
2006-06-06,현충일
2006-07-17,제헌절
2006-08-15,광복절
2006-10-03,개천절
2006-10-05,추석
2006-10-06,추석
2006-10-07,추석
2006-12-25,기독탄신일
2007-01-01,신정
2007-02-17,설날
2007-02-18,설날
2007-02-19,설날
2007-03-01,삼일절
2007-05-05,어린이날
2007-05-24,석가탄신일
2007-06-06,현충일
2007-07-17,제헌절
2007-08-15,광복절
2007-09-24,추석
2007-09-25,추석
2007-09-26,추석
2007-10-03,개천절
2007-12-25,기독탄신일
2008-01-01,신정
2008-02-06,설날
2008-02-07,설날
2008-02-08,설날
2008-03-01,삼일절
2008-05-05,어린이날
2008-05-12,석가탄신일
2008-06-06,현충일
2008-08-15,광복절
2008-09-13,추석
2008-09-14,추석
2008-09-15,추석
2008-10-03,개천절
2008-12-25,기독탄신일
