,일시,평균기온(°C),강수 계속시간(hr),일강수량(mm),평균 풍속(m/s),평균 상대습도(%),일 최심신적설(cm),평균 전운량(1/10)
182,2004-07-01,24,7.37,4.5,1.9,77,,10
183,2004-07-02,23.1,18.88,10.5,1.9,90.8,,10
184,2004-07-03,24.4,7.42,10.5,1,85.9,,10
185,2004-07-04,21.1,21.35,62,4.5,92.1,,10
186,2004-07-05,22.8,6.75,14,3.8,80.5,,9.9
187,2004-07-06,23.3,9.15,58,2,87.8,,9.9
188,2004-07-07,21.5,20.83,31.5,1.8,95.4,,10
189,2004-07-08,21.2,9.58,5,1.5,90.5,,10
190,2004-07-09,22.7,,,1.9,78.6,,7
191,2004-07-10,24.1,,,1.7,76.1,,3.9
192,2004-07-11,23.4,8.25,12,1.6,82.6,,8.1
193,2004-07-12,22.4,21.92,70,3,95.9,,10
194,2004-07-13,21,16.33,30.5,1.5,93,,9.5
195,2004-07-14,23.5,3.37,3.5,1,85.3,,9
196,2004-07-15,22.8,10.32,37,2.2,92.6,,10
197,2004-07-16,23,15.68,108.5,2.7,95.3,,10
198,2004-07-17,22.3,15.3,37.5,2.7,94.1,,9.3
199,2004-07-18,25.2,5.42,0.1,2.2,85.8,,9.3
200,2004-07-19,26.4,0.85,0,4.6,82.3,,9.6
201,2004-07-20,25.7,6.52,1,3.3,87.1,,10
202,2004-07-21,26.8,,,2.5,82.5,,6.6
203,2004-07-22,27.4,,,2,76.3,,3.5
204,2004-07-23,28.3,,,2.1,65,,2.6
205,2004-07-24,27.6,,,2,62,,7.1
206,2004-07-25,25.4,3.95,14.5,1.8,76.8,,8.5
207,2004-07-26,26.5,0.25,0.1,2.1,77.1,,9.3
208,2004-07-27,27.6,,,2.8,73.4,,8.5
209,2004-07-28,28.7,,,2.7,71.8,,5
210,2004-07-29,28.9,,,1.7,69.9,,2.1
211,2004-07-30,29.2,,,2.2,65.1,,0.8
212,2004-07-31,29.9,,,1.9,64.4,,1.6
213,2004-08-01,29.4,,,3.2,57,,3.5
214,2004-08-02,28.3,,,2.3,61.3,,2.3
215,2004-08-03,28.8,,,2.2,66.3,,4.6
216,2004-08-04,28.5,2.48,39.5,1.7,68.8,,4.8
217,2004-08-05,27.6,3.18,0.5,2.1,75.3,,6.6
218,2004-08-06,28.3,,,2.3,70.6,,3.9
219,2004-08-07,28.5,,,2.5,72.3,,4.9
220,2004-08-08,27.8,2.08,0.2,2.7,76.3,,7.9
221,2004-08-09,28.6,0.33,0,2.1,70.6,,4
222,2004-08-10,30.2,,,1.7,67.1,,0.8
223,2004-08-11,30.4,,,2.1,53.1,,0.1
224,2004-08-12,29.6,,,2.3,60.5,,1.4
225,2004-08-13,28.7,,,2.7,68.5,,3.4
226,2004-08-14,26.3,3.72,3,1.7,74.5,,8.9
227,2004-08-15,26.7,,,1.9,66.6,,7.5
228,2004-08-16,25,8.22,33.5,1.9,80,,9.9
229,2004-08-17,23.1,13.67,33,2.4,91.1,,9.9
230,2004-08-18,23.2,18.33,43.5,2.3,93.6,,10
231,2004-08-19,21.8,11.33,39,3.9,77.6,,9
232,2004-08-20,23.5,,,2.4,65.6,,7.5
233,2004-08-21,23.3,,,2.1,77.5,,8.6
234,2004-08-22,22.8,2.07,0.1,3.1,74.4,,9.1
235,2004-08-23,22.8,,,3,65.8,,7.1
236,2004-08-24,23.9,,,1.6,67.3,,3.1
237,2004-08-25,24.2,1.03,0,1.7,72.9,,8.3
238,2004-08-26,23.7,9.53,1,1.6,80.4,,9.4
239,2004-08-27,24.6,,,2.9,70.1,,6.6
240,2004-08-28,23.9,,,4,60.5,,8.6
241,2004-08-29,25.5,,,2.6,62.8,,6.6
242,2004-08-30,26,,,2.4,68.3,,5.3
243,2004-08-31,24.6,,,3.5,65.9,,2.6
244,2004-09-01,24.7,,,2.9,56.9,,3.4
245,2004-09-02,24.1,,,2.6,55.1,,2.3
246,2004-09-03,23.7,,,1.7,51.5,,7.1
247,2004-09-04,24.9,1.65,0.2,1.7,59.9,,6.4
248,2004-09-05,25.5,3.57,3.5,1.9,59.1,,5.9
249,2004-09-06,24.5,3.05,4,2.8,62.8,,5
250,2004-09-07,19.7,11.65,30.5,3,87.5,,9.6
251,2004-09-08,22.1,0.83,0,2.2,70.5,,5
252,2004-09-09,23.2,,,1.6,62.1,,3.6
253,2004-09-10,22.1,,,2.9,58.9,,5.8
254,2004-09-11,17.4,19.68,56.5,4.6,84.6,,9.9
255,2004-09-12,20.5,13.08,25.5,4,86,,9.8
256,2004-09-13,21.4,3.33,1.5,2.1,82.6,,6.6
257,2004-09-14,23,0.08,0,2.5,73,,5.6
258,2004-09-15,24.5,3.42,3,3,68.5,,7.6
259,2004-09-16,23,5.03,42,1.7,81.6,,5.8
260,2004-09-17,23.6,,,2.1,78.3,,4.4
261,2004-09-18,21.8,6.92,6.5,3.1,85.3,,7.6
262,2004-09-19,20.7,,,1.8,55.8,,3.8
263,2004-09-20,16.5,13.22,16.5,1.6,82.9,,9.8
264,2004-09-21,16.8,2.82,9,1.3,84.3,,5.3
265,2004-09-22,18.8,,,1.4,68.8,,1.3
266,2004-09-23,20.5,,,1.4,66.6,,5.5
267,2004-09-24,21.2,,,1.5,63.6,,0.6
268,2004-09-25,21.6,,,2.2,59.5,,4.9
269,2004-09-26,20.4,,,2.2,61,,6.9
270,2004-09-27,21.3,,,1.5,66,,2.3
271,2004-09-28,21.2,,,2.1,68.3,,6.6
272,2004-09-29,21.9,,,2.4,56.1,,1
273,2004-09-30,21.7,,,1.4,62.6,,4.5
274,2004-10-01,16.6,3.03,1,2.7,72.9,,8.3
275,2004-10-02,12.6,,,2.2,42.8,,0.3
276,2004-10-03,13.4,,,1.5,49,,0
277,2004-10-04,15.1,,,1.4,56.3,,1.9
278,2004-10-05,16.8,,,1.6,58.3,,0
279,2004-10-06,17.7,,,1.6,66.5,,1.9
280,2004-10-07,18.6,,,1.5,68.3,,5.1
281,2004-10-08,19.5,,,1.4,66,,1.8
282,2004-10-09,20,,,2.7,44.8,,3.8
283,2004-10-10,20.2,,,1.9,51.3,,1.5
284,2004-10-11,18.9,,,2,65.9,,4.8
285,2004-10-12,14.9,2.28,5.5,2.9,50.6,,2.8
286,2004-10-13,12.7,0.43,0,2.3,47.6,,0.5
287,2004-10-14,10.7,,,2.3,48.1,,0.1
288,2004-10-15,13.9,,,2,65,,0.5
289,2004-10-16,15.9,,,3.1,62.6,,0.9
290,2004-10-17,16.2,,,2.9,49.6,,4.6
291,2004-10-18,16.5,,,1.8,58.9,,6.9
292,2004-10-19,17,,,1.5,60.6,,0.9
293,2004-10-20,16.9,,,2.5,53.5,,1.5
294,2004-10-21,15.3,,,2.5,60.5,,2.6
295,2004-10-22,12.5,,,2.6,43.6,,0.9
296,2004-10-23,12.1,,,1.3,34.5,,1.8
297,2004-10-24,14,,,1.9,43.6,,7.4
298,2004-10-25,15.7,,,1.4,53,,5.1
299,2004-10-26,11.4,,,3,42,,1.4
300,2004-10-27,11.1,,,1.6,43.1,,0.3
301,2004-10-28,11.8,,,1.7,59.3,,0.8
302,2004-10-29,13,,,1.5,62.1,,3.5
303,2004-10-30,15.3,,,1.1,53.8,,1.3
304,2004-10-31,16,,,1.4,49,,0
305,2004-11-01,14.8,6.83,18,2.2,67,,6.5
306,2004-11-02,9.9,3.75,3,2.2,82.8,,8.9
307,2004-11-03,10.5,2.42,0.5,2.1,75.5,,6.4
308,2004-11-04,11.7,,,1.5,72.3,,1.4
309,2004-11-05,11.4,6.25,14,1.8,79.9,,6.3
310,2004-11-06,8.1,,,2.3,51.9,,0.6
311,2004-11-07,10.5,,,1.4,51.1,,0
312,2004-11-08,12.9,,,1.5,70.4,,5
313,2004-11-09,16.4,,,2.1,62,,5.4
314,2004-11-10,15.2,11.83,12.5,2.5,77,,10
315,2004-11-11,13.6,5.7,2.5,2.3,87.4,,8.4
316,2004-11-12,5.1,,,3.5,50.6,,2.1
317,2004-11-13,4.1,,,1.7,47.5,,6.5
318,2004-11-14,7.8,,,1.6,61.8,,3.4
319,2004-11-15,5,0.67,0.4,3.3,39.5,,2.1
320,2004-11-16,6.7,1.17,0,1.6,61.8,,3.4
321,2004-11-17,9.9,,,1.7,64.6,,1.6
322,2004-11-18,10.7,1.9,1,1.5,71.9,,3.6
323,2004-11-19,9.6,,,1.7,75.4,,1.1
324,2004-11-20,7.4,,,2.5,66.1,,1
325,2004-11-21,6.4,,,1.8,61,,0.1
326,2004-11-22,7.1,,,1.6,66.4,,0.8
327,2004-11-23,8.2,,,1.4,69.9,,1.5
328,2004-11-24,9.8,,,1.2,72.8,,3.5
329,2004-11-25,10.5,0.37,0.1,1.4,60.5,,4.5
330,2004-11-26,5.3,12.22,28,4.1,74.4,,7.8
331,2004-11-27,7.3,,,2,69.9,,5.4
332,2004-11-28,7.6,,,1.5,60.9,,2.1
333,2004-11-29,5,,,1.4,55,,0
334,2004-11-30,4.8,,,1.6,65,,2.3
335,2004-12-01,5.2,,,1.4,61.4,,2.6
336,2004-12-02,8.5,,,1.9,55.4,,0.9
337,2004-12-03,10.6,,,1.5,62.6,,2.3
338,2004-12-04,9,12.7,15,2.1,85.9,,9.3
339,2004-12-05,1.8,,,3.6,59.3,,2.1
340,2004-12-06,3.3,3.48,8,2.5,66.6,,5.5
341,2004-12-07,3.9,,,2.3,57.5,,1.5
342,2004-12-08,5.8,0.58,0,1.9,66.9,,2.9
343,2004-12-09,8.8,,,2,58.6,,3.3
344,2004-12-10,7.5,0.8,0,3,48,,2.8
345,2004-12-11,4.2,,,1.5,39,,4.4
346,2004-12-12,5.2,,,2,55.5,,3.5
347,2004-12-13,2.4,,,1.7,55.1,,0
348,2004-12-14,4.6,,,1.9,42.5,,4.1
349,2004-12-15,5.7,5.33,4,2,66.8,,9.3
350,2004-12-16,4,,,2.1,73,,1.4
351,2004-12-17,3.8,1.42,0,2.1,69,,5.6
352,2004-12-18,3.7,,,1.6,73.9,,5
353,2004-12-19,5,1.08,0.2,2.5,64.9,,7.3
354,2004-12-20,-3.6,,,3.7,53.6,,0.6
355,2004-12-21,-3.2,,,2.1,46.4,,2.1
356,2004-12-22,-3.4,,,2.4,42.5,,4
357,2004-12-23,-3.7,,,2,45.8,,0.4
358,2004-12-24,-0.8,,,1.7,57.8,,1.8
359,2004-12-25,-1.8,,,2.6,64.9,,2.4
360,2004-12-26,-3.2,,,2.3,47.9,,0
361,2004-12-27,-4,,,2.5,44.3,,0.8
362,2004-12-28,-4.9,,,2,41.5,,3
363,2004-12-29,-5.7,,,2.5,45,,0.8
364,2004-12-30,-4.6,,,1.8,49.1,,3.8
365,2004-12-31,-4.7,,,2.4,43.1,,1
366,2005-01-01,-4.9,,,2.1,41.5,,0.9
367,2005-01-02,0.4,0.45,0,2.8,58.9,,5.6
368,2005-01-03,2.9,4.65,1.5,3.6,70.3,,7.6
369,2005-01-04,-4.9,,,3.2,39,,0
370,2005-01-05,-3.8,,,1.6,41.9,,3.3
371,2005-01-06,0.1,0.83,0,2,58.1,,8
372,2005-01-07,-2.9,1.58,0,3.6,52.4,,1.5
373,2005-01-08,-5,1.7,0,2.6,51.3,0.2,1.3
374,2005-01-09,-8,,,2.9,43.9,,0
375,2005-01-10,-5.7,1.03,0,2.1,57.8,,3.1
376,2005-01-11,-6.3,,,3,48.1,,0.1
377,2005-01-12,-6.1,,,2.1,44.9,,0
378,2005-01-13,-4.8,,,2.1,55.4,,0.5
379,2005-01-14,-3.1,,,1.8,51.1,,5
380,2005-01-15,-2.6,,,2.6,56.9,,1.4
381,2005-01-16,-0.8,5.38,0.3,2.7,67.1,0.7,4.4
382,2005-01-17,0.4,,,1.7,59,,2
383,2005-01-18,0.3,2.75,0.5,2.2,79.3,0.2,8.3
384,2005-01-19,-3.8,,,3.4,48.5,,0.5
385,2005-01-20,-5.9,,,3.4,49.8,,0
386,2005-01-21,-5.4,,,1.9,45.1,,0
387,2005-01-22,-2.2,,,1.2,41.1,,5.1
388,2005-01-23,1.8,,,1.5,34.8,,2.5
389,2005-01-24,1.3,,,1.8,67,,4.1
390,2005-01-25,1.1,,,1.4,59.3,,6.9
391,2005-01-26,1.6,,,1.8,59.6,,0.3
392,2005-01-27,1.3,,,1.8,46,,1.9
393,2005-01-28,2.1,,,1.7,44.8,,0.3
394,2005-01-29,-0.8,5.3,2.2,3.2,64.5,1.4,4.6
395,2005-01-30,-7,,,3.1,39.9,,2.3
396,2005-01-31,-7.3,0.62,0,3.8,39.9,,1.5
397,2005-02-01,-10.2,,,5,41.6,,0.8
398,2005-02-02,-6.9,,,3,49.1,,0
399,2005-02-03,-4.6,,,1.9,52,,2.5
400,2005-02-04,-1.5,,,2,44.3,,4.8
401,2005-02-05,-1.6,,,2.7,47.5,,2.3
402,2005-02-06,-0.1,,,1.3,36.1,,2.3
403,2005-02-07,3.5,0.33,0,1.7,47.9,,9.3
404,2005-02-08,1.7,4.33,0,2.2,56.4,,2.4
405,2005-02-09,-1.4,,,2.1,57.9,,6.6
406,2005-02-10,-6,,,3,37.1,,0.1
407,2005-02-11,-6,,,2.7,38.4,,0.3
408,2005-02-12,-4.1,,,2,44.8,,4.1
409,2005-02-13,-1.6,,,1.8,52.5,,0.5
410,2005-02-14,1.8,,,1.9,46.8,,6.3
411,2005-02-15,4.6,9.38,5,3.9,48.4,,7.5
412,2005-02-16,2.7,12.17,9,3.8,81.5,0.4,8.9
413,2005-02-17,4.7,,,2.4,60.8,,2.3
414,2005-02-18,4,,,3.4,55.6,,9.3
415,2005-02-19,-2.4,3.92,0.2,4.2,51.5,0.2,4.1
416,2005-02-20,-7.1,,,3.9,41.1,,1.8
417,2005-02-21,-5.8,0.33,0,3,46.9,,1.4
418,2005-02-22,-1,13.67,3,3.8,80.6,1.9,9.8
419,2005-02-23,-2.9,,,3.2,50.1,,2.4
420,2005-02-24,-2.9,,,2.5,39.4,,4.3
421,2005-02-25,-4.8,,,3.4,40.9,,0.4
422,2005-02-26,-5,,,2.9,36.1,,0
423,2005-02-27,-2.1,,,2.2,45.4,,3
424,2005-02-28,0.6,,,2.4,51.3,,1.8
425,2005-03-01,-0.3,,,2.7,46.1,,2.4
426,2005-03-02,0.3,7.67,2.4,2.4,63.6,4.9,4.6
427,2005-03-03,-1.3,,,2.6,42.1,,1.4
428,2005-03-04,-0.4,,,2.7,43.5,,1.6
429,2005-03-05,-0.9,,,2.2,49.5,,3.6
430,2005-03-06,0.5,,,2.5,54.9,,0.5
431,2005-03-07,3.8,,,3.5,74.4,,7.8
432,2005-03-08,4.2,,,2.3,57.4,,3
433,2005-03-09,7.3,0.83,0,1.8,47.6,,3.4
434,2005-03-10,8.4,10.08,0.5,3.3,89,,10
435,2005-03-11,0.7,2.25,0.5,4.2,68.4,,6.6
436,2005-03-12,-3.9,,,4.5,36.4,,1.1
437,2005-03-13,-1.2,,,3.4,34.4,,1.1
438,2005-03-14,2.6,,,2.6,46.9,,1.4
439,2005-03-15,4.5,,,2.3,62,,7.8
440,2005-03-16,7.5,,,1.5,57.1,,7.8
441,2005-03-17,5.9,8.83,7,3,79.3,,8.9
442,2005-03-18,3.9,,,3.9,40.9,,0.1
443,2005-03-19,4.3,,,2.5,48,,2.6
444,2005-03-20,5.9,,,3.1,64.8,,2.6
445,2005-03-21,7.1,,,2.4,56.5,,5.1
446,2005-03-22,8.5,6.5,2,2.7,58.4,,5.4
447,2005-03-23,8.7,,,2.8,41.6,,6.1
448,2005-03-24,3,2.08,0.1,4.9,43.4,,4.3
449,2005-03-25,3.1,,,4.3,50.4,,2.1
450,2005-03-26,6.8,,,2.4,74,,6
451,2005-03-27,10.5,,,2,60.9,,5.4
452,2005-03-28,6.8,,,3,64.3,,2.8
453,2005-03-29,5.6,,,3.1,30.8,,0
454,2005-03-30,6.7,,,3.7,47.8,,0
455,2005-03-31,9.5,,,2.3,48.6,,2.1
456,2005-04-01,11.2,,,1.7,31.8,,3.8
457,2005-04-02,10.4,,,2.4,44.8,,6.5
458,2005-04-03,8.6,6.83,3.5,2.8,61.8,,4.5
459,2005-04-04,9.3,,,3.7,44.1,,2.6
460,2005-04-05,13.3,,,3.1,41.4,,1.1
461,2005-04-06,13.8,8.08,7,3.8,70.4,,8.8
462,2005-04-07,12.9,,,3.5,73.9,,6.6
463,2005-04-08,14.9,,,1.4,41.5,,2.8
464,2005-04-09,13.4,12.33,41.5,3.1,71.8,,9.1
465,2005-04-10,12.4,7.33,17,3,69.5,,5.9
466,2005-04-11,13.5,,,2.1,51.4,,6.6
467,2005-04-12,11.2,,,2.6,62.4,,7.5
468,2005-04-13,10.5,,,3.2,51.6,,2.4
469,2005-04-14,9.9,,,4.1,48.9,,0.3
470,2005-04-15,9.6,,,2.8,32.5,,0
471,2005-04-16,10.8,,,2.7,23.9,,0
472,2005-04-17,14.3,,,2.5,31.9,,3.5
473,2005-04-18,15.2,2.3,4.5,1.7,61.1,,8
474,2005-04-19,17.3,5.67,15,2.1,67.1,,9
475,2005-04-20,10.3,2.25,6,5.2,57.5,,4.6
476,2005-04-21,10.2,,,4.7,56.9,,0.8
477,2005-04-22,11.6,,,3.9,51.9,,0.8
478,2005-04-23,13.4,,,2.4,42.9,,0
479,2005-04-24,14,0.42,0,2.8,47,,5.1
480,2005-04-25,13.7,,,2.7,55.1,,1.3
481,2005-04-26,14.9,,,3,48.9,,0
482,2005-04-27,16,1.42,0.2,3.7,49.6,,8.8
483,2005-04-28,17.5,,,4.8,72.4,,8.1
484,2005-04-29,19.2,,,1.8,61.8,,3.9
485,2005-04-30,23.5,,,1.9,64.5,,6.3
486,2005-05-01,21,3.25,0.3,2.8,65,,5.9
487,2005-05-02,19.5,,,2.7,23.8,,0
488,2005-05-03,19.2,,,2.3,25.6,,0
489,2005-05-04,20.1,,,1.8,21.1,,0
490,2005-05-05,19.8,6.83,16.5,2.4,48.3,,7.1
491,2005-05-06,11.6,16.67,13.5,4,90,,9.6
492,2005-05-07,13.5,,,2.7,63.3,,2.5
493,2005-05-08,13.4,,,3.7,75.3,,6.8
494,2005-05-09,13.3,,,3.1,56,,1
495,2005-05-10,14.2,,,2.2,45.9,,2.1
496,2005-05-11,13.7,6.58,1.5,1.7,58.8,,10
497,2005-05-12,14.1,1.52,1,2.1,72.6,,5.4
498,2005-05-13,16.6,,,2.3,55.8,,3.4
499,2005-05-14,16.7,,,2.5,65.4,,4.9
500,2005-05-15,18.6,,,1.9,58.6,,0
501,2005-05-16,19.6,,,1.8,55.3,,5.1
502,2005-05-17,19.4,7.07,26.5,2.1,66.1,,10
503,2005-05-18,15.4,9.92,25,3.8,83.6,,6.5
504,2005-05-19,17.2,,,2.6,60.1,,1.3
505,2005-05-20,18.5,,,2.4,49.1,,2
506,2005-05-21,17.7,,,2.1,42,,6.4
507,2005-05-22,15.9,5.17,1.5,1.4,59,,9.8
508,2005-05-23,16.1,,,3.1,65.4,,4
509,2005-05-24,17.6,,,2,59,,2
510,2005-05-25,18.5,,,2.6,58.5,,4.5
511,2005-05-26,19.3,,,3.4,60.1,,2.4
512,2005-05-27,20.7,,,2.1,52.3,,2.1
513,2005-05-28,22,,,1.7,46.4,,5.8
514,2005-05-29,23.7,,,1.7,45.4,,0.8
515,2005-05-30,21.5,,,2.6,44.1,,2.9
516,2005-05-31,21,,,2.1,35.1,,2.1
517,2005-06-01,19.8,3.62,2.5,2.4,58.1,,7.9
518,2005-06-02,19.1,3.17,0.5,2.4,77.8,,8.8
519,2005-06-03,18,,,2.8,74.8,,6.1
520,2005-06-04,19.5,0.33,0,1.7,72.1,,6.1
521,2005-06-05,22.8,,,2.1,52.9,,1.6
522,2005-06-06,22.2,,,1.8,57.4,,6.1
523,2005-06-07,21.7,,,1.3,60.1,,8.9
524,2005-06-08,23,,,2,58.4,,2.5
525,2005-06-09,23.6,,,1.7,60.4,,6.9
526,2005-06-10,19.1,13,13.5,2,86,,7.6
527,2005-06-11,21,,,2.4,69.3,,0
528,2005-06-12,21.8,3.25,0,2.6,69.1,,3.8
529,2005-06-13,24.8,,,1.7,61.5,,2.6
530,2005-06-14,24.1,2.47,3,2.5,61.1,,6.6
531,2005-06-15,21.2,1.35,0.5,2.9,67.8,,8.6
532,2005-06-16,21.2,2.37,0,2.4,68.6,,7.9
533,2005-06-17,22.5,1.27,1.5,3.1,69.8,,6.9
534,2005-06-18,23.1,,,2.2,69,,8
535,2005-06-19,23.6,0.38,0,1.9,66,,4.9
536,2005-06-20,23.6,,,2.5,68.1,,4.8
537,2005-06-21,24.5,,,2.8,67.1,,7.1
538,2005-06-22,24.1,,,2.9,68.6,,4.5
539,2005-06-23,24.4,,,2.6,67.1,,2.9
540,2005-06-24,25.9,,,2.2,64.3,,2.4
541,2005-06-25,25.4,,,1.9,66.1,,7.8
542,2005-06-26,24.7,7.97,95.5,1.6,75,,9.6
543,2005-06-27,22.7,17.48,37,4.6,89.4,,10
544,2005-06-28,23.8,,,2.5,72.1,,8
545,2005-06-29,22.8,10.57,13.5,2.8,89.6,,9.8
546,2005-06-30,25.7,6.5,1,2.8,80.4,,8.9
547,2005-07-01,23.8,10.05,55,2.2,85,,9.6
548,2005-07-02,23.9,6.75,1,2,88.3,,9.8
549,2005-07-03,21.5,11.83,17.5,2.1,91.9,,9
550,2005-07-04,24.2,,,2.1,71.4,,5
551,2005-07-05,23.1,2.33,0,3.2,80.8,,9.5
552,2005-07-06,24.6,,,2.5,73.6,,7.6
553,2005-07-07,24.1,3.58,8.5,2.7,73.4,,8.3
554,2005-07-08,25.1,3.92,11,2.2,72.6,,8.9
555,2005-07-09,22.4,12.83,40,1.8,88.3,,9
556,2005-07-10,23.7,,,1.4,77.8,,9.1
557,2005-07-11,20.7,13.38,15.5,2.9,87.3,,9.4
558,2005-07-12,23.1,,,1.7,70.1,,5.9
559,2005-07-13,23.3,6.93,1.5,2.5,79.1,,9.4
560,2005-07-14,25,1.67,0,2.3,71,,7.4
561,2005-07-15,25.8,,,1.5,71.5,,5.8
562,2005-07-16,26,,,2.3,75.3,,8.1
563,2005-07-17,24.8,2.42,0.2,1.8,79.4,,8.9
564,2005-07-18,26.4,,,2.3,74.3,,6.9
565,2005-07-19,26.5,,,2,75.8,,4.9
566,2005-07-20,27,,,2.2,73.9,,2.4
567,2005-07-21,27.1,,,2.3,72.4,,1.9
568,2005-07-22,29.1,,,1.8,67.4,,1.6
569,2005-07-23,30.2,,,1.7,67.8,,4.8
570,2005-07-24,29.2,0.8,3,1.6,70.5,,7.3
571,2005-07-25,27.8,0.33,0,1.9,70.8,,8.1
572,2005-07-26,27.6,,,2.4,68.4,,4.1
573,2005-07-27,27,0.78,0.2,3.2,72.5,,9
574,2005-07-28,23.1,17,115,2.5,89.9,,9.6
575,2005-07-29,25.4,,,3,76.9,,6.6
576,2005-07-30,26.1,,,2.8,77.6,,8.8
577,2005-07-31,26.9,1.17,1,1.4,71.6,,7.6
578,2005-08-01,25.3,10.65,26.5,3.2,84,,8.8
579,2005-08-02,26.3,0.9,0.5,2.5,80,,8.6
580,2005-08-03,24.8,10.95,19,1.9,86.8,,8.9
581,2005-08-04,28.5,,,2.6,70,,5.4
582,2005-08-05,29.3,,,1.8,69.9,,2.5
583,2005-08-06,29,0.95,0.5,1.9,68.9,,3.9
584,2005-08-07,26.9,0.87,0,2.1,72.4,,8.5
585,2005-08-08,26.2,5.4,16,2.8,79.5,,8.6
586,2005-08-09,26.4,4.32,15,4.5,75.5,,8.6
587,2005-08-10,25.1,11.1,57.5,2.2,86,,9.5
588,2005-08-11,25.2,11.02,25,2.8,85,,9.4
589,2005-08-12,26,4.17,1,3.2,84.9,,10
590,2005-08-13,27.2,2.33,0.5,2.8,77.8,,8.1
591,2005-08-14,27.3,,,2.8,74.9,,5.3
592,2005-08-15,27.2,2.23,0.5,2.3,79,,7.1
593,2005-08-16,28.3,,,2.1,74.4,,4.3
594,2005-08-17,28.1,2,4.5,1.8,74,,4.6
595,2005-08-18,25.5,6.57,8,2,80.5,,8.9
596,2005-08-19,21.6,13.08,6.5,3,84.1,,9.4
597,2005-08-20,23.2,0.58,0.5,3.4,65.4,,7
598,2005-08-21,24.1,,,3,60.9,,7.8
599,2005-08-22,23.1,0.33,0,2.9,69,,7.8
600,2005-08-23,24.1,,,3.1,47,,0.3
601,2005-08-24,20.6,7.92,39.5,4.5,61.6,,8.8
602,2005-08-25,17.6,21.87,38.5,3.2,93,,10
603,2005-08-26,21.2,,,2.3,76.4,,5.6
604,2005-08-27,23.6,,,2.3,73.4,,4.4
605,2005-08-28,22.9,2.13,25.5,1.9,81.8,,5.9
606,2005-08-29,24.6,,,1.8,73.8,,6.3
607,2005-08-30,24.1,,,1.7,76.8,,8.3
608,2005-08-31,25.6,,,1.3,69.6,,2.4
609,2005-09-01,26.8,1.02,0.1,3.2,73.1,,7.6
610,2005-09-02,25.2,4.28,0.5,2.7,78.4,,9
611,2005-09-03,23.7,,,1.7,68.5,,9
612,2005-09-04,22.5,,,3.9,62.8,,5.6
613,2005-09-05,22.4,,,4.4,48.4,,1.3
614,2005-09-06,21.9,,,4.9,53,,6.1
615,2005-09-07,23.3,,,2.1,60,,2
616,2005-09-08,24.4,,,1.8,66.4,,4.5
617,2005-09-09,22.6,7.97,2.5,1.9,80.1,,9
618,2005-09-10,24.1,,,1.6,73.5,,4.4
619,2005-09-11,26.3,,,1.6,65.6,,3
620,2005-09-12,25.8,1.42,0.1,1.3,67.9,,7.5
621,2005-09-13,20.5,13.47,90.5,3.6,84.8,,10
622,2005-09-14,20.2,,,1.6,71.8,,3
623,2005-09-15,21.4,,,2.1,60.4,,2.3
624,2005-09-16,22.8,0.37,0,2.1,62.5,,6.8
625,2005-09-17,22.5,15,74,2.8,85.9,,10
626,2005-09-18,22.8,0.92,0.5,1.7,79.5,,6.9
627,2005-09-19,20.1,0.77,0,1.4,79.5,,9.6
628,2005-09-20,20.1,0.67,0.1,1.4,71.6,,8.1
629,2005-09-21,15.9,17.17,40,3.8,86.6,,10
630,2005-09-22,17.1,4.17,0.5,1.7,86.8,,9.1
631,2005-09-23,20.1,,,1.8,72.1,,6.6
632,2005-09-24,20.9,,,2.4,65.5,,6
633,2005-09-25,20.5,,,2.1,66.3,,5.5
634,2005-09-26,21,,,1.4,65.8,,4.6
635,2005-09-27,21,,,1.5,66.5,,5.1
636,2005-09-28,20.8,,,1.4,63.5,,2.1
637,2005-09-29,20.8,0.53,0,1.9,58.9,,7
638,2005-09-30,17.7,21.2,104.5,2.3,90.9,,10
639,2005-10-01,20.1,9.5,14.5,0.7,91.3,,8.9
640,2005-10-02,19.2,0.7,0,2.3,61.9,,7.3
641,2005-10-03,16.4,1.68,0.1,1.8,61.3,,9.5
642,2005-10-04,16.6,,,1.7,57.5,,4.6
643,2005-10-05,16.5,,,1.4,59.6,,2.6
644,2005-10-06,17.6,,,1.3,56,,3
645,2005-10-07,14.4,12.5,19.5,1.1,85.4,,9.8
646,2005-10-08,16.1,,,1.6,71.5,,4.3
647,2005-10-09,16.2,,,1.3,71.8,,2.5
648,2005-10-10,17.4,,,1.5,62.9,,0.9
649,2005-10-11,17.4,,,1.3,64.4,,0.4
650,2005-10-12,17.5,,,1.4,64.9,,3.1
651,2005-10-13,17.4,,,2.5,69.3,,8.1
652,2005-10-14,15,0.75,2,2.7,49,,4.9
653,2005-10-15,14.6,,,2.3,54.4,,4.1
654,2005-10-16,14.3,,,1.6,56.1,,1
655,2005-10-17,15.7,,,1.8,67.6,,0.1
656,2005-10-18,15.4,,,1.6,70.4,,1.4
657,2005-10-19,15.7,,,1.2,65.5,,1.5
658,2005-10-20,15.8,,,1.6,60.3,,4.3
659,2005-10-21,12.4,10.87,13.5,2.2,77.4,,8.5
660,2005-10-22,8,,,2.7,48.6,,0.1
661,2005-10-23,9.5,,,1.6,53.5,,0
662,2005-10-24,12.6,,,1.7,64.5,,0.4
663,2005-10-25,14.1,,,1.2,66.5,,0.9
664,2005-10-26,14.9,,,1.6,67.9,,1.4
665,2005-10-27,14.6,,,1.2,74.6,,1.8
666,2005-10-28,12.4,1.42,3,2.8,67.6,,4.9
667,2005-10-29,9.2,,,2.5,57.4,,1.9
668,2005-10-30,7.9,,,1.5,64.1,,1.9
669,2005-10-31,9.7,,,1.6,59.4,,0
670,2005-11-01,12.5,,,2,66.6,,4.1
671,2005-11-02,14.3,0.28,0,2.1,65.5,,7.3
672,2005-11-03,15.8,1.83,0.5,1.3,69.8,,5.3
673,2005-11-04,16.4,,,1.2,73,,3.8
674,2005-11-05,16.8,0.42,0.1,1.8,69.6,,5
675,2005-11-06,14.1,6.92,30,2.7,77.5,,6.3
676,2005-11-07,10.7,0.92,1,2.6,46.3,,1.8
677,2005-11-08,8.8,,,2.8,49.6,,1.3
678,2005-11-09,10.6,,,1.9,54.1,,0.8
679,2005-11-10,13.9,0.38,0,3.1,74.1,,6
680,2005-11-11,12.8,,,2.1,39.6,,5.1
681,2005-11-12,9.1,,,1.8,34.8,,2.1
682,2005-11-13,8.9,1.75,0,1.7,45.8,,7.9
683,2005-11-14,5.7,,,2.8,35.4,,2.1
684,2005-11-15,3.3,,,2.5,36.5,,0
685,2005-11-16,3.1,,,1.9,38.3,,0
686,2005-11-17,3.5,,,2,38.6,,0
687,2005-11-18,3.6,,,2.5,38.4,,1
688,2005-11-19,2.9,,,2,37,,1.8
689,2005-11-20,3.5,,,1.6,48.1,,1.3
690,2005-11-21,5.7,2.53,0.3,2.5,61.5,,3.5
691,2005-11-22,5.1,,,1.9,45.8,,1.1
692,2005-11-23,8.5,0.58,0.2,2.6,60.9,,3
693,2005-11-24,8.4,,,1.8,53.8,,0.1
694,2005-11-25,8.4,,,2.1,64.3,,0.3
695,2005-11-26,8.2,0.53,0,1.9,72.1,,3.4
696,2005-11-27,8.4,1.83,3.5,2.1,77,,3.6
697,2005-11-28,7.2,0.97,9,3.1,71.4,,7.6
698,2005-11-29,3.2,0.33,0,2.7,57.5,,2.5
699,2005-11-30,3.6,,,1.5,50.9,,0
700,2005-12-01,5.9,1.82,0.3,2.4,61.3,,4.5
701,2005-12-02,1,,,2.8,45.8,,0
702,2005-12-03,-0.7,4.22,5,2.1,49.6,7.6,4.1
703,2005-12-04,-5.1,3.25,1.8,3.6,59.9,1.5,2.9
704,2005-12-05,-5.2,,,1.8,52.3,,0
705,2005-12-06,-2.5,,,1.6,64.8,,2.8
706,2005-12-07,-1.8,,,2.1,62.9,,2.4
707,2005-12-08,-2.3,,,2.2,53.3,,0.6
708,2005-12-09,-1.4,,,1.7,51.6,,3.6
709,2005-12-10,-2.9,,,2.9,40.4,,4.8
710,2005-12-11,-6.3,,,2.6,42.3,,0.4
711,2005-12-12,-8,,,3.6,43,,0
712,2005-12-13,-8.6,,,3.1,42.9,,0.1
713,2005-12-14,-5.8,,,2.4,46.5,,0.1
714,2005-12-15,-4.5,,,2.2,54.4,,0.3
715,2005-12-16,-3.3,,,2.1,49.8,,1.4
716,2005-12-17,-9.7,,,4.3,30.3,,1.5
717,2005-12-18,-9.2,3.75,0.8,1.8,62.3,1,3.1
718,2005-12-19,-5,,,1.5,58.4,,0
719,2005-12-20,-2.8,,,1.8,50.3,,4.5
720,2005-12-21,-6.2,3.8,1.1,3.6,57.8,1.6,4.3
721,2005-12-22,-6.6,2.27,0.4,2.7,55.5,0.5,3.8
722,2005-12-23,-3.2,1.92,0.1,2.5,68.4,0.2,3.9
723,2005-12-24,-4.2,,,2.1,38.6,,1.6
724,2005-12-25,-1.7,2.33,0.5,3.7,51.4,0.7,3.6
725,2005-12-26,-7.5,,,2.9,42.6,,0
726,2005-12-27,-6.9,,,2.5,41.4,,0
727,2005-12-28,-5,,,1.7,38.8,,0.5
728,2005-12-29,-2.9,,,1.5,48.6,,1.1
729,2005-12-30,0.1,4.67,0.3,1.8,65,0.4,5.3
730,2005-12-31,1.4,,,2.5,61.9,,5.5
731,2006-01-01,1.4,4.25,0,1.6,80.1,,9.3
732,2006-01-02,0.2,1.58,0,2.8,71.5,,4.6
733,2006-01-03,-2.4,,,2.9,37.5,,1.6
734,2006-01-04,-6.2,,,2.8,42.6,,9.3
735,2006-01-05,-7.1,,,2.5,39.6,,1.4
736,2006-01-06,-7.5,,,2.8,44.1,,1
737,2006-01-07,-6.2,,,2.3,38.6,,0
738,2006-01-08,-4.2,,,1.4,44.5,,2.4
739,2006-01-09,-1.6,4.62,0.3,1.7,57.5,1.5,5.1
740,2006-01-10,-0.3,,,2,72.5,,4
741,2006-01-11,-1.2,,,1.5,45.8,,1.3
742,2006-01-12,1.4,7.25,6.5,3.2,48.9,,6
743,2006-01-13,4.1,13,26.5,2.5,93.3,,10
744,2006-01-14,4.4,,,1.6,72.3,,4.9
745,2006-01-15,3.7,,,2,70.1,,3.3
746,2006-01-16,1.8,,,1.5,68.1,,6.1
747,2006-01-17,1.3,,,1.7,50.5,,5.4
748,2006-01-18,1.3,,,1.7,54.9,,2.5
749,2006-01-19,2.4,,,2.2,55.9,,3.4
750,2006-01-20,2.6,,,2.1,55.5,,5
751,2006-01-21,0.9,,,2,49,,1.5
752,2006-01-22,-3.1,,,3.4,39,,0
753,2006-01-23,-4.7,,,2.6,45.4,,0
754,2006-01-24,-3.1,,,1.9,42.5,,0.1
755,2006-01-25,-0.7,,,1.7,47.4,,1.9
756,2006-01-26,0.2,,,2.1,62.3,,2.8
757,2006-01-27,1.4,,,2.6,61.8,,2.1
758,2006-01-28,1.3,,,1.6,53.9,,3.8
759,2006-01-29,4.5,3.33,0,1.8,58.1,,6.6
760,2006-01-30,5,0.83,0,1.7,65.3,,9.3
761,2006-01-31,3.8,4.92,1,1.9,80.9,,10
762,2006-02-01,1.7,3.17,0,2.9,59.5,,4.8
763,2006-02-02,-2.9,,,3.5,45.5,,3.1
764,2006-02-03,-11.7,,,3.6,38.9,,0
765,2006-02-04,-9.3,,,2.9,37.9,,0
766,2006-02-05,-5.3,,,1.7,35.6,,6.3
767,2006-02-06,0.2,,,1.9,28.9,,6.9
768,2006-02-07,-0.9,13,8.4,3.1,80.5,7,9.3
769,2006-02-08,-7.2,,,4,53.3,,1.4
770,2006-02-09,-4.5,4.33,0.9,2.6,65.6,1.1,4.4
771,2006-02-10,1.4,,,3.1,65,,6.1
772,2006-02-11,1.2,,,2.6,54,,2.8
773,2006-02-12,-1.8,,,2.3,42.9,,0
774,2006-02-13,4.5,0.25,0.1,2.2,48.4,,4.5
775,2006-02-14,5.5,10.33,5.5,2.3,92.9,,10
776,2006-02-15,4.6,,,1.7,77.5,,9.5
777,2006-02-16,1.7,,,3.1,51.3,,4.1
778,2006-02-17,-4.5,,,3.5,37.1,,1.3
779,2006-02-18,0.2,,,2.3,54.9,,2
780,2006-02-19,3.3,,,1.7,61.4,,2.4
781,2006-02-20,3.8,,,1.5,66.3,,1.1
782,2006-02-21,4.4,,,1.9,65.3,,3.5
783,2006-02-22,3,2.33,0.5,3,57.1,,6.4
784,2006-02-23,1.1,,,2.4,40.6,,2.5
785,2006-02-24,4.6,,,1.6,33.1,,0.8
786,2006-02-25,7,,,2,33,,5.1
787,2006-02-26,0.5,1.92,0.2,3.8,52.3,,6.6
788,2006-02-27,-0.5,,,2.6,32.4,,5.6
789,2006-02-28,2.8,8.05,0.1,1.7,63.3,,9.8
790,2006-03-01,0,10,3.8,3.3,71.8,2.8,6.5
791,2006-03-02,-0.9,2.42,1,3.4,58.3,1.5,3.9
792,2006-03-03,0.5,,,2.5,50.3,,0.1
793,2006-03-04,3.6,3.28,3,2.7,56.5,,4.9
794,2006-03-05,7.9,0.83,0,2.9,70.9,,5.3
795,2006-03-06,5.9,,,2.1,62.8,,2
796,2006-03-07,5.7,,,2.7,55.5,,2.1
797,2006-03-08,5.7,,,2,55,,4.4
798,2006-03-09,10.7,0.5,0,2,36.5,,8.3
799,2006-03-10,9.9,3.55,0,3.4,68.8,,7.6
800,2006-03-11,6.2,,,3.1,60.8,,9.5
801,2006-03-12,-4.3,,,4.9,34.1,,4.8
802,2006-03-13,-2,0.92,0,3.2,40.5,,4.4
803,2006-03-14,0.8,,,3.5,49.4,,0.4
804,2006-03-15,5.7,,,2.9,62.5,,4.3
805,2006-03-16,4.1,14.25,4.5,2.1,87.4,,8.5
806,2006-03-17,8.8,,,1.5,67.3,,7.4
807,2006-03-18,9,,,3.1,50.1,,4.8
808,2006-03-19,4.3,,,3.1,31.5,,0
809,2006-03-20,5.1,,,1.9,48.8,,7.3
810,2006-03-21,9.7,,,1.5,36.3,,1.4
811,2006-03-22,10.3,0.57,0,3.1,48.6,,7.9
812,2006-03-23,6.3,,,4,42.6,,1.1
813,2006-03-24,6.2,,,2.4,29.4,,0.5
814,2006-03-25,8.9,1,0,4.2,48.6,,3.1
815,2006-03-26,6.5,,,2.9,24,,2.5
816,2006-03-27,6.8,,,2.7,42.5,,4.3
817,2006-03-28,2.9,1.42,0.2,4.1,51.6,,5.9
818,2006-03-29,3.8,2.67,1.5,3.9,48.1,,4.4
819,2006-03-30,4.4,,,3.3,41.5,,0
820,2006-03-31,8.1,,,1.7,31.6,,2.1
821,2006-04-01,9.7,13.83,16.5,2.5,70.5,,9.5
822,2006-04-02,7.4,8.67,0.5,3.9,83.5,,6.5
823,2006-04-03,11.4,,,2.3,64.9,,3.1
824,2006-04-04,12,4.58,1.5,2.1,63.6,,9.3
825,2006-04-05,11.6,,,2.6,46.4,,2.3
826,2006-04-06,9.7,,,2.3,49,,7.6
827,2006-04-07,10.2,,,4.6,66.4,,6
828,2006-04-08,10.2,,,2.9,40,,2.6
829,2006-04-09,15.2,1.87,0.1,2.7,46.1,,9.1
830,2006-04-10,14.7,10.08,11.5,3.6,68.4,,7.8
831,2006-04-11,16.4,,,3.9,53.5,,4.9
832,2006-04-12,15,,,2.5,58,,4.5
833,2006-04-13,9.7,,,2.4,58.5,,8
834,2006-04-14,12.7,,,2,38.4,,6.3
835,2006-04-15,12,,,2.1,32.1,,6.1
836,2006-04-16,7.4,,,4.5,34.3,,1
837,2006-04-17,10.3,,,3.5,45.3,,8.6
838,2006-04-18,14.6,0.53,0,3.7,52.9,,9.1
839,2006-04-19,8.8,9.47,16,4.6,84.8,,9.6
840,2006-04-20,7.3,2.67,0,5.1,58.1,,7
841,2006-04-21,10.6,,,3.3,46.5,,1.9
842,2006-04-22,11.8,,,2.5,45.1,,5.5
843,2006-04-23,9.2,1.5,3.5,3,74.9,,6.5
844,2006-04-24,10.4,,,3.7,51.3,,0.4
845,2006-04-25,11.3,,,2.5,33.6,,2
846,2006-04-26,12,1.62,0,2.1,43.6,,8.8
847,2006-04-27,12.3,3.63,0.2,3,62.9,,4.1
848,2006-04-28,12.8,,,2.1,49.6,,4.9
849,2006-04-29,13.9,,,2.3,53.5,,6.4
850,2006-04-30,15.9,1.67,2,2.9,70.1,,7.1
851,2006-05-01,18,,,1.6,46.9,,2.3
852,2006-05-02,17.2,,,4.6,31.6,,0
853,2006-05-03,15.7,,,3,42.3,,1.9
854,2006-05-04,17.7,0.22,0.2,2.5,53.1,,3.5
855,2006-05-05,20.7,1.58,3.5,1.8,66.1,,9
856,2006-05-06,15.1,18.83,93,3.9,89.4,,8.8
857,2006-05-07,19.7,,,2.2,57.8,,1.6
858,2006-05-08,21,,,2.8,52.8,,1.9
859,2006-05-09,21.3,,,2.4,55.5,,4.3
860,2006-05-10,18.2,5.75,0.3,2.1,74.6,,8.8
861,2006-05-11,18.9,,,2.1,44.6,,5.4
862,2006-05-12,16.8,2.42,0,1.7,44.6,,9.6
863,2006-05-13,15.2,,,3.1,52.5,,6.1
864,2006-05-14,16,,,2.8,53.8,,1.3
865,2006-05-15,18.6,,,2.2,44.4,,1.1
866,2006-05-16,18.8,,,2.5,41.9,,2.1
867,2006-05-17,18.8,,,1.9,44.1,,5.3
868,2006-05-18,20.2,,,1.5,46.6,,8.8
869,2006-05-19,17.9,,,1.9,57.5,,8.8
870,2006-05-20,18.2,,,2.4,63.3,,3.4
871,2006-05-21,22.5,,,2.6,49.8,,5.4
872,2006-05-22,17.5,13.25,30.5,4.3,89.6,,9.8
873,2006-05-23,15,,,2.9,85,,8.9
874,2006-05-24,18.5,,,1.6,65.6,,5.4
875,2006-05-25,18.8,,,2.2,48.5,,9.4
876,2006-05-26,21.6,,,2,46.6,,3.5
877,2006-05-27,16.3,10.78,27.5,3.3,81.3,,8.9
878,2006-05-28,17.3,1.25,1,2.4,67.3,,6.5
879,2006-05-29,18.4,1.17,0.2,2.3,68.9,,6.4
880,2006-05-30,20.5,,,2.5,57.6,,0
881,2006-05-31,21.3,,,1.9,52.1,,4
882,2006-06-01,22.7,,,1.5,50.1,,4.1
883,2006-06-02,25.9,,,2.2,45.8,,3.6
884,2006-06-03,23.4,,,2.8,44.4,,3.9
885,2006-06-04,20.8,,,2.4,60.4,,4.3
886,2006-06-05,21.3,,,2.2,57.6,,1.5
887,2006-06-06,21.9,,,2.3,59,,4.5
888,2006-06-07,21.9,,,1.7,57.6,,9.6
889,2006-06-08,20.1,2.17,6.5,1.9,69.4,,9.1
890,2006-06-09,21,1.12,0.5,2.4,60.4,,4.8
891,2006-06-10,17.3,10.73,39.5,2.6,80.1,,9.5
892,2006-06-11,16.9,1.75,2.5,3.2,82.5,,8.8
893,2006-06-12,21.3,,,1.5,62.5,,0.9
894,2006-06-13,23.5,,,1.7,60.8,,3.9
895,2006-06-14,19,14.33,63,2.6,82,,9.5
896,2006-06-15,18.5,3.75,2,3.3,80.1,,6.5
897,2006-06-16,21.4,,,2.3,54.1,,4.9
898,2006-06-17,22.2,0.28,0,2.2,51.3,,2.8
899,2006-06-18,21.5,,,2.5,66.6,,1.9
900,2006-06-19,22.9,,,1.9,62.4,,2.6
901,2006-06-20,22.5,,,2.1,62.5,,8.1
902,2006-06-21,19.2,17.5,14,1.9,91,,9.1
903,2006-06-22,22.6,,,1.7,74.5,,6.9
904,2006-06-23,23.9,,,1.6,69,,5.9
905,2006-06-24,24.4,,,1.6,65.9,,2.3
906,2006-06-25,24.4,2.92,8,2.4,64.4,,6.3
907,2006-06-26,20.4,10.6,11.5,2.4,91.5,,10
908,2006-06-27,21.1,3.75,1,2.4,87.3,,9.5
909,2006-06-28,23.7,,,1.7,77.8,,7.1
910,2006-06-29,25,2.33,13.5,1.5,77,,9.6
911,2006-06-30,23.2,6.93,6.5,3.9,87.4,,10
912,2006-07-01,22.6,2.28,4.5,2.6,85.4,,10
913,2006-07-02,23,0.58,0,2.4,73.9,,5.3
914,2006-07-03,24.1,,,1.4,68.8,,6.6
915,2006-07-04,22.4,8.97,4,2.9,84.3,,9.9
916,2006-07-05,21.5,3.75,2.5,3,71.9,,8.8
917,2006-07-06,21.1,5.25,13,2.1,78.8,,9.3
918,2006-07-07,23,6.15,10,1.2,79.8,,7.5
919,2006-07-08,25.5,,,1.4,71,,6.1
920,2006-07-09,25.7,2.03,3.5,2.2,75.9,,7.5
921,2006-07-10,23.8,9.15,19,4.2,80.4,,9.3
922,2006-07-11,24.7,1.73,0.5,2.7,75.6,,7.9
923,2006-07-12,23.8,22.17,226.5,3,93.6,,10
924,2006-07-13,25.2,13.12,18.5,3.5,90.5,,8.9
925,2006-07-14,27.2,1.05,0.1,2.2,79,,8.5
926,2006-07-15,24.1,12.55,69,3.9,90.4,,10
927,2006-07-16,18.7,21.35,241,1.9,96,,10
928,2006-07-17,19.2,17.55,42.5,1.3,93.5,,10
929,2006-07-18,19.1,19.12,31,3,93,,10
930,2006-07-19,21.8,2.38,0.5,2.6,78.1,,9.4
931,2006-07-20,21.7,6.27,4.5,2.2,78,,9.3
932,2006-07-21,22.1,8.75,3.5,1.9,81.4,,8.9
933,2006-07-22,23.4,3.53,9.5,3.2,78.4,,6.8
934,2006-07-23,23.4,,,1.4,73.3,,7.4
935,2006-07-24,23.4,,,1.6,71.5,,9.1
936,2006-07-25,24.7,0.97,0.3,1.1,68,,8.6
937,2006-07-26,22.2,9.42,5,1.6,84.5,,10
938,2006-07-27,20.9,21,195,2.5,94.6,,10
939,2006-07-28,21.8,13.2,88,1.4,94.5,,10
940,2006-07-29,24.6,3.25,22,1.5,89.3,,7.9
941,2006-07-30,26.1,1.75,0.1,2.2,83.3,,8.8
942,2006-07-31,26.5,,,3.2,75.8,,6.6
943,2006-08-01,27.7,,,2.8,67.4,,4.5
944,2006-08-02,28,,,2.5,68.5,,3
945,2006-08-03,28.6,,,1.7,67.8,,1.9
946,2006-08-04,29.5,,,1.9,64.6,,0.4
947,2006-08-05,29,0.25,0.1,1.5,66.6,,2.1
948,2006-08-06,28.3,,,2.2,66.5,,3.5
949,2006-08-07,27.2,1.12,22,1.3,72.8,,4.9
950,2006-08-08,29,,,1.5,68.3,,2.3
951,2006-08-09,29.2,,,1.5,68,,3.3
952,2006-08-10,28.6,,,1.9,61,,2.8
953,2006-08-11,26.6,0.35,0,1.7,69.8,,5.8
954,2006-08-12,27.5,,,1.7,67.6,,3.6
955,2006-08-13,28.8,,,1.7,67.3,,4.5
956,2006-08-14,29.3,,,2.1,69.4,,3.8
957,2006-08-15,28.2,2.17,20.5,1.3,79.3,,6.4
958,2006-08-16,28.3,2.75,0.5,1.6,78.5,,8.6
959,2006-08-17,26.6,3.17,10.5,3,72.4,,6.9
960,2006-08-18,26.5,,,4.3,52,,2.9
961,2006-08-19,24.8,1.57,0.1,4,49.5,,6.9
962,2006-08-20,23.6,0.47,0,2.3,67.3,,9
963,2006-08-21,27.2,,,1.3,63.9,,6.8
964,2006-08-22,27.6,0.18,0,1.6,68.8,,6.6
965,2006-08-23,27.1,0.43,0,1.8,67.4,,7.4
966,2006-08-24,27,0.7,0,1.5,67.9,,7.3
967,2006-08-25,25.1,5.6,14.5,1.6,81.3,,9
968,2006-08-26,25.2,3.38,32,2.4,83,,8.3
969,2006-08-27,24.2,8.63,18.5,2.3,87.8,,9.4
970,2006-08-28,25.4,,,2.2,74.3,,5.4
971,2006-08-29,23.7,3.58,2.5,1.4,84.3,,7.5
972,2006-08-30,25.2,,,3,63.1,,7.3
973,2006-08-31,25.2,,,3.1,55,,5.8
974,2006-09-01,24.2,,,2.5,53.8,,3.3
975,2006-09-02,25.6,,,2.1,57.8,,2.3
976,2006-09-03,25.5,,,2.2,63.3,,3.8
977,2006-09-04,21.4,,,2.5,71.9,,7.4
978,2006-09-05,21.1,0.83,0.1,2.7,59.9,,5.9
979,2006-09-06,19.8,3.17,3.5,1.9,69,,4.6
980,2006-09-07,22,,,1.6,54.6,,0.1
981,2006-09-08,22,1.5,0,2.7,59.6,,7.9
982,2006-09-09,17.2,11.75,4.5,2.4,80.8,,7
983,2006-09-10,15.8,,,2.1,50.5,,1.4
984,2006-09-11,16.5,,,1.4,59.9,,6.3
985,2006-09-12,19.9,,,2,58.5,,4.1
986,2006-09-13,21.8,,,2.3,47.5,,2.3
987,2006-09-14,21.5,,,2.4,45.5,,4.8
988,2006-09-15,20.8,,,3,55.1,,9.5
989,2006-09-16,21.6,,,2.5,62.4,,8.4
990,2006-09-17,20.2,4.13,2,3.5,53.9,,9.9
991,2006-09-18,18.2,9.72,0.5,1.8,67.9,,9
992,2006-09-19,20.2,,,1.7,72.6,,2
993,2006-09-20,22.1,,,1.8,64.6,,7.8
994,2006-09-21,23.5,,,1.7,52.5,,2.6
995,2006-09-22,22.9,,,2.1,61.3,,1
996,2006-09-23,21.5,,,2.3,46.5,,0
997,2006-09-24,21.2,,,1.9,43.5,,0
998,2006-09-25,20.9,,,1.6,43.8,,4.6
999,2006-09-26,21.6,,,1.7,49.1,,5.6
1000,2006-09-27,22,0.33,0,2,51.6,,3
1001,2006-09-28,20.5,1,0.5,1.9,70.6,,8.5
1002,2006-09-29,20.7,0.08,0,1.8,60.9,,2.9
1003,2006-09-30,20.7,,,2,52.9,,4
1004,2006-10-01,20.7,,,1.8,52.3,,6.1
1005,2006-10-02,20.7,,,1.8,55.8,,0.4
1006,2006-10-03,20.6,,,1.7,57.1,,1
1007,2006-10-04,21.6,,,1.5,54.3,,1
1008,2006-10-05,21.4,,,3.1,47.4,,0.1
1009,2006-10-06,21.1,,,2,40.6,,0
1010,2006-10-07,20.3,,,1.9,54.8,,0
1011,2006-10-08,19.7,,,1.5,73.9,,4.1
1012,2006-10-09,20.1,,,2,78.4,,7.4
1013,2006-10-10,20.9,,,2.9,69.4,,4.4
1014,2006-10-11,19.3,0.38,0,2.6,60.9,,5
1015,2006-10-12,16.4,,,1.7,43,,0.1
1016,2006-10-13,17.9,,,1.7,48.5,,2.6
1017,2006-10-14,18.5,,,2.1,59.9,,0
1018,2006-10-15,18.9,,,1.4,69.8,,0.4
1019,2006-10-16,19.7,,,2,69.3,,0.8
1020,2006-10-17,18.9,,,1.5,75.9,,7.4
1021,2006-10-18,19.4,1.58,0.2,1.8,75.1,,5
1022,2006-10-19,19.5,,,2.1,76.8,,7
1023,2006-10-20,19.1,0.37,0.5,1.6,72.6,,4
1024,2006-10-21,18.7,,,2,63.8,,1
1025,2006-10-22,16.5,11.35,21.5,2.1,83.6,,8
1026,2006-10-23,12,4.68,8,3.9,63.8,,6.3
1027,2006-10-24,13.2,,,2.7,52.9,,1.8
1028,2006-10-25,13.5,,,1.8,56.6,,6.9
1029,2006-10-26,15,,,1.7,63.1,,6.4
1030,2006-10-27,13.6,,,2,63.5,,0.9
1031,2006-10-28,14.7,,,2,71.3,,2.5
1032,2006-10-29,15.3,,,1.5,57.3,,2.1
1033,2006-10-30,13.9,,,1.6,48.9,,2.4
1034,2006-10-31,14.8,,,1.6,65.9,,3.1
1035,2006-11-01,15.6,,,1.9,72,,4.4
1036,2006-11-02,14.5,,,2.1,61.8,,2.3
1037,2006-11-03,14.8,1.3,1.5,2,71.6,,3.9
1038,2006-11-04,16,,,2,69.1,,5.1
1039,2006-11-05,13.3,3.17,7,3.5,53.9,,3.4
1040,2006-11-06,4.6,12.25,17,2.2,75.3,,8.6
1041,2006-11-07,3.5,,,2.8,56.8,,1.9
1042,2006-11-08,13,1,0,4.1,71.1,,7.9
1043,2006-11-09,13.8,2.33,2.5,3.7,44.5,,3.3
1044,2006-11-10,8.4,,,1.6,27.4,,5.1
1045,2006-11-11,5.3,,,3.1,41.5,,1.1
1046,2006-11-12,5.8,,,1.7,41.8,,0
1047,2006-11-13,9.1,2.25,3,2.3,71,,7.9
1048,2006-11-14,5.6,0.5,0,3.1,43.3,,3.3
1049,2006-11-15,5.6,4.17,3.5,2.9,64.1,,4.3
1050,2006-11-16,3.4,,,1.9,41.1,,3.6
1051,2006-11-17,5.5,,,1.5,50.3,,0.8
1052,2006-11-18,7.2,,,1.7,54.8,,0.9
1053,2006-11-19,8.8,,,1.6,55.3,,5.1
1054,2006-11-20,8.6,,,1.6,58.8,,0.3
1055,2006-11-21,8.4,1.33,0.1,1.9,73.4,,6.5
1056,2006-11-22,7.1,,,2.2,43.3,,4.4
1057,2006-11-23,7.9,,,4.2,52.8,,3.1
1058,2006-11-24,7.3,,,3.5,47.5,,4.4
1059,2006-11-25,9.1,,,2.5,49.6,,3.3
1060,2006-11-26,11.3,,,2,51,,8
1061,2006-11-27,8.1,17,12,2.9,79.1,,9.9
1062,2006-11-28,5.1,2.43,0.5,2.8,72.5,,7
1063,2006-11-29,2,,,2.1,47.1,,2.3
1064,2006-11-30,1.8,6.5,0.5,1.8,82.3,0.2,7.5
1065,2006-12-01,3.1,1.17,0.3,1.9,72.3,,6.3
1066,2006-12-02,-2.8,,,3.9,50.8,,1
1067,2006-12-03,-4.5,,,2.4,44.1,,0.1
1068,2006-12-04,-1.4,,,1.8,44.3,,0.9
1069,2006-12-05,2.4,,,1.8,59.8,,3.1
1070,2006-12-06,3.2,,,2.2,69.4,,4.5
1071,2006-12-07,5,8,1,1.7,68.3,,8.9
1072,2006-12-08,6.6,2.58,2.5,3.1,59.6,,8.9
1073,2006-12-09,2.5,8.5,2.5,2.7,73.9,,5.5
1074,2006-12-10,-0.4,,,2.2,43.9,,2.5
1075,2006-12-11,1.8,,,1.8,51.8,,4.9
1076,2006-12-12,5.2,,,1.7,61.8,,6.1
1077,2006-12-13,5.7,,,2,61.8,,5.5
1078,2006-12-14,3.3,,,1.1,51.9,,4.1
1079,2006-12-15,3.2,4.5,2.5,1.6,80.5,,6.6
1080,2006-12-16,2.4,2.33,3,2.1,70.3,4.1,5.6
1081,2006-12-17,-1,8.67,5.5,2,80.5,9,6.5
1082,2006-12-18,-2.4,,,1.7,54.4,,1
1083,2006-12-19,0.8,,,2.3,53.1,,3.8
1084,2006-12-20,4.1,,,1.8,61.4,,4.5
1085,2006-12-21,3.6,,,1.3,63.3,,2.4
1086,2006-12-22,4.1,1,0,1.9,65.5,,3.5
1087,2006-12-23,2.5,,,1.9,62.9,,0.8
1088,2006-12-24,2.4,,,1.4,57.1,,4.8
1089,2006-12-25,5.8,,,1.6,64.5,,1
1090,2006-12-26,7.1,,,1.8,67.5,,0.9
1091,2006-12-27,0.9,,,3.4,64.4,,3.5
1092,2006-12-28,-8.4,,,4.6,40.9,,1
1093,2006-12-29,-8.1,,,2,37.9,,0
1094,2006-12-30,-3.6,,,1.3,39.5,,4.8
1095,2006-12-31,0.7,,,1.3,35.6,,1.9
1096,2007-01-01,3.3,2.83,0.2,1.3,44.5,,8.6
1097,2007-01-02,3.1,3.33,0.5,1.4,80.1,,7
1098,2007-01-03,5.3,,,1.9,63.9,,4.8
1099,2007-01-04,4.8,,,1.5,58.9,,0.4
1100,2007-01-05,4.5,,,2.1,60.9,,6.6
1101,2007-01-06,-1.2,9.35,9,4.3,76.6,7.5,6.6
1102,2007-01-07,-3.9,,,2.9,63.6,,1.4
1103,2007-01-08,-3,,,2.7,52.5,,0.9
1104,2007-01-09,-1.7,,,1.5,58.9,,4.6
1105,2007-01-10,-0.4,,,1.7,62.5,,0.5
1106,2007-01-11,-1.6,,,1.5,44,,2.3
1107,2007-01-12,-3,,,2.5,43.6,,1.5
1108,2007-01-13,-5.2,,,2.2,41,,0
1109,2007-01-14,-2.7,,,1.5,39.5,,0.9
1110,2007-01-15,-0.2,,,1.4,54.4,,5.4
1111,2007-01-16,2.2,,,1.4,65,,6.6
1112,2007-01-17,2.3,,,2.1,70.3,,5.4
1113,2007-01-18,1,0.38,0,2.5,50.3,,0.4
1114,2007-01-19,0.2,,,1.4,45.1,,1.9
1115,2007-01-20,1,,,1.3,40.6,,2.8
1116,2007-01-21,1.8,,,1.4,48.6,,3.6
1117,2007-01-22,2,,,2.5,65.4,,3.6
1118,2007-01-23,1.9,,,1.5,58.8,,4.8
1119,2007-01-24,1.5,,,1.8,54.4,,0.9
1120,2007-01-25,1,,,1.4,55.6,,2.8
1121,2007-01-26,1.4,5.25,0.1,2.2,66.6,,9.1
1122,2007-01-27,0.7,,,2.3,61.3,,4.5
1123,2007-01-28,0.2,,,2.1,55.3,,0.8
1124,2007-01-29,1,,,1.9,59.3,,2.4
1125,2007-01-30,-0.4,1.87,1,3.7,54.8,0.3,4.3
1126,2007-01-31,-3.7,,,2.9,46.6,,1.6
1127,2007-02-01,-5.4,,,3.1,48.8,,0
1128,2007-02-02,-5,,,2.2,45.8,,0.1
1129,2007-02-03,0.3,,,2.9,61.5,,3
1130,2007-02-04,3,,,1.2,39.3,,0.3
1131,2007-02-05,4.5,,,1.5,62.5,,7.1
1132,2007-02-06,8,,,1.6,65.4,,3.9
1133,2007-02-07,7.1,,,1.1,52.1,,0.5
1134,2007-02-08,5.6,8.75,1,1.8,77.5,,9.4
1135,2007-02-09,4.6,0.08,0,2.8,70.3,,8.4
1136,2007-02-10,3.5,0.07,0,3.5,59.5,,4.4
1137,2007-02-11,1.3,,,2.4,51.1,,0
1138,2007-02-12,3.4,,,1.8,58.3,,1.5
1139,2007-02-13,3.7,7.67,11.5,2.7,64.5,,9.3
1140,2007-02-14,-0.1,1.22,0.1,4.5,59.6,,5.8
1141,2007-02-15,0,,,3.6,31.6,,0.1
1142,2007-02-16,3.1,,,1.8,30.6,,2.5
1143,2007-02-17,6.2,,,1.9,44,,6.9
1144,2007-02-18,5.6,,,2,49.6,,2.6
1145,2007-02-19,4.4,,,1.7,64.8,,1
1146,2007-02-20,5.6,,,1.7,46.9,,0.3
1147,2007-02-21,5.2,,,1.3,70,,4.8
1148,2007-02-22,7.6,0.25,0,2.9,64.3,,6.8
1149,2007-02-23,2.9,0.2,0,3.4,39.8,,0
1150,2007-02-24,4.3,,,1.9,27.6,,4.5
1151,2007-02-25,7.3,,,2.1,48.6,,6.4
1152,2007-02-26,8.3,,,2.1,48.9,,0
1153,2007-02-27,7.7,,,2.1,58.3,,1
1154,2007-02-28,8.1,,,2.8,37.1,,0.9
1155,2007-03-01,10.2,,,1.7,29.4,,7
1156,2007-03-02,8.3,22.33,22,2.6,80.8,,10
1157,2007-03-03,10.4,4,0.2,1.5,88.8,,7.9
1158,2007-03-04,10.9,12.42,34,4.4,81.4,,9
1159,2007-03-05,-2.1,10.08,2,5.9,64.9,,8.6
1160,2007-03-06,-5,0.33,0,4.1,38.9,,0.6
1161,2007-03-07,-2.8,5.25,0.9,2.8,58.4,1.6,3.6
1162,2007-03-08,0.7,3.33,1,2.5,63.4,0.3,3.6
1163,2007-03-09,4.9,,,2.1,61.1,,4.3
1164,2007-03-10,2.3,2.75,1,3.9,55.4,,6.6
1165,2007-03-11,0.1,,,3.8,38.8,,2
1166,2007-03-12,3.1,,,2.9,45.1,,2.4
1167,2007-03-13,5.1,,,2.3,54.5,,0.6
1168,2007-03-14,6.6,,,1.9,57,,3.3
1169,2007-03-15,9.1,,,1.9,34.1,,3.9
1170,2007-03-16,7.9,,,2.7,45.1,,4.5
1171,2007-03-17,6.9,,,2.1,41.8,,2.6
1172,2007-03-18,6.3,,,2.2,34.1,,0.4
1173,2007-03-19,6.8,,,2.1,41.5,,1.5
1174,2007-03-20,5.4,,,3,53.1,,6.1
1175,2007-03-21,6.7,7.52,1,2.8,74.4,,9.6
1176,2007-03-22,7.9,,,3.1,76.4,,6.6
1177,2007-03-23,10.8,1.95,0.4,2.1,59.1,,8.8
1178,2007-03-24,9.5,11.08,10.5,2.5,84.6,,8.1
1179,2007-03-25,8,,,3.2,66.9,,3.1
1180,2007-03-26,9.6,1.83,0,2.5,52.3,,4.9
1181,2007-03-27,10.5,3.58,0.5,3.2,67.6,,5.8
1182,2007-03-28,5.5,5.25,10.5,1.9,79.9,,5.3
1183,2007-03-29,5.6,6.33,18,2.5,78.1,,7
1184,2007-03-30,9.6,0.33,0,1.7,61,,5.4
1185,2007-03-31,8.9,10.33,21.5,2.7,83.3,,8.5
1186,2007-04-01,9.1,,,2.6,55.4,,4.9
1187,2007-04-02,5.6,,,3.3,46.8,,1.1
1188,2007-04-03,5.5,1.33,0,3.6,40.8,,3.5
1189,2007-04-04,6.3,,,3.3,44,,0.9
1190,2007-04-05,8.3,,,2.1,45.9,,4.9
1191,2007-04-06,9.5,,,2.3,40,,4.9
1192,2007-04-07,9.3,0.08,0,2.3,65.8,,8
1193,2007-04-08,9.5,,,2.6,64.9,,4.3
1194,2007-04-09,10.8,,,3.1,46.3,,0.5
1195,2007-04-10,10.4,4.37,0.1,2.5,54.8,,8.8
1196,2007-04-11,11.1,2.93,2.5,2.9,56.1,,5.3
1197,2007-04-12,11.8,7.8,3.5,2.3,63.9,,10
1198,2007-04-13,9.6,7.87,5,4.4,84.5,,8.3
1199,2007-04-14,10.5,1.35,1.5,3,61.5,,5.3
1200,2007-04-15,12.2,1.17,1,2.5,56.5,,6.9
1201,2007-04-16,9.5,1.1,0,3.3,62,,7.4
1202,2007-04-17,10.4,,,2.2,55.9,,4.4
1203,2007-04-18,11.1,,,2.1,46,,0.5
1204,2007-04-19,12.7,,,3.7,40.8,,3.4
1205,2007-04-20,12.5,12.92,26,3.6,70.4,,8.9
1206,2007-04-21,15.2,3.67,1,2.4,82.3,,9.5
1207,2007-04-22,13.1,4.17,0.5,2.9,60.1,,8.3
1208,2007-04-23,14.3,,,2.4,32.6,,4
1209,2007-04-24,12.9,,,2.2,51.1,,6.5
1210,2007-04-25,12.9,,,3.7,60,,0.9
1211,2007-04-26,14.7,,,2.4,46.3,,1
1212,2007-04-27,15.2,,,2.7,34.3,,1.1
1213,2007-04-28,14.8,,,3.1,40.8,,0
1214,2007-04-29,16.3,,,2.8,40.5,,0.6
1215,2007-04-30,15.7,0.8,0,1.5,38,,9.1
1216,2007-05-01,14,8,2.5,2.1,78.6,,9.5
1217,2007-05-02,15.6,,,3.1,60.6,,3.8
1218,2007-05-03,15.3,0.18,0,3.4,75.4,,9.1
1219,2007-05-04,16.3,,,3.7,75.4,,6.3
1220,2007-05-05,19.2,,,1.9,65.4,,6.6
1221,2007-05-06,20,,,2.3,51.3,,5.9
1222,2007-05-07,19.5,,,3,46.9,,0.4
1223,2007-05-08,19.4,,,3.5,55.8,,4.5
1224,2007-05-09,15.9,3.57,5.5,3,65,,8.4
1225,2007-05-10,15.7,,,2.2,56.8,,1.6
1226,2007-05-11,18.7,,,2.2,42.9,,6.4
1227,2007-05-12,13,14.28,20,3,88,,8.3
1228,2007-05-13,16.6,,,3.5,54.4,,1
1229,2007-05-14,16.5,1.35,0.1,4,67.1,,5.6
1230,2007-05-15,19.6,,,1.8,51.3,,5.5
1231,2007-05-16,17.3,10.47,42,2.7,76.9,,9.3
1232,2007-05-17,18.3,4.62,4.5,3.7,60.4,,6
1233,2007-05-18,14.3,6,13,2.5,81.3,,7.9
1234,2007-05-19,16,0.07,0,1.4,71.9,,5.8
1235,2007-05-20,17.4,,,2,61.6,,2.3
1236,2007-05-21,18.4,,,2.2,43,,2.8
1237,2007-05-22,19.7,,,2,47.8,,4
1238,2007-05-23,20.7,0.25,0,1.7,48.9,,7.6
1239,2007-05-24,19.8,14.23,49,1.6,78.4,,9.9
1240,2007-05-25,19.7,5.28,1,3.2,71.6,,4.9
1241,2007-05-26,20.3,,,3.4,50.3,,2.4
1242,2007-05-27,22.5,,,2.2,52,,2.1
1243,2007-05-28,21.3,,,2.8,53.9,,5.1
1244,2007-05-29,18.1,1.87,0,2.8,76.4,,9
1245,2007-05-30,19.7,,,2.4,64.5,,4.4
1246,2007-05-31,22.2,,,1.5,51.3,,3.1
1247,2007-06-01,20.4,,,2.1,61.8,,9.8
1248,2007-06-02,23.2,,,1.6,52.3,,2.9
1249,2007-06-03,23.8,,,2,54,,1.1
1250,2007-06-04,22.4,,,2.5,60.5,,6.3
1251,2007-06-05,19.9,,,3.2,73,,9.1
1252,2007-06-06,20.1,3.07,0.1,2.6,72.6,,8.6
1253,2007-06-07,19.3,4.77,0.1,2.1,79.4,,9.8
1254,2007-06-08,19.4,3.57,0.5,2.5,71.6,,8.4
1255,2007-06-09,20.3,,,2.2,53.5,,2.1
1256,2007-06-10,23.6,,,1.9,50.5,,0.6
1257,2007-06-11,24.4,,,2.2,48.4,,2.5
1258,2007-06-12,24.4,,,2,50.4,,4.4
1259,2007-06-13,23.8,4.72,0,2,53.3,,6.8
1260,2007-06-14,23.4,7.83,0.5,2.8,53.3,,6.3
1261,2007-06-15,23.1,,,3.2,32.6,,5.5
1262,2007-06-16,25.5,,,2.6,24,,2.6
1263,2007-06-17,25.6,,,2.5,26.6,,1.1
1264,2007-06-18,26.3,,,1.8,38.1,,1.3
1265,2007-06-19,26.4,,,2,49.8,,3.4
1266,2007-06-20,24.2,0.5,0,2.5,65.6,,7.1
1267,2007-06-21,21,17.62,14,1.7,88.8,,10
1268,2007-06-22,25.4,1,0.1,1.9,61.5,,5.6
1269,2007-06-23,24.8,2.33,0.1,2.1,63.6,,8.9
1270,2007-06-24,21.2,9.92,6,2.2,79.9,,9.8
1271,2007-06-25,21.7,8.08,7,2.1,83.4,,8.9
1272,2007-06-26,25.4,,,2,64.9,,5
1273,2007-06-27,25.9,3.5,0,1.7,65.5,,7
1274,2007-06-28,24.6,10.63,22,3,87.9,,10
1275,2007-06-29,21.8,10.7,4,3.5,86.5,,9.6
1276,2007-06-30,24.2,1.42,0.1,2.1,72.5,,9.5
1277,2007-07-01,19.8,21.55,31,3.9,93,,10
1278,2007-07-02,20.6,12.83,76,3.3,90.6,,10
1279,2007-07-03,23.6,2.68,1,1.5,78.5,,9.5
1280,2007-07-04,22.7,6.92,31.5,1.7,82.3,,7.9
1281,2007-07-05,22.6,2.68,0,2.5,82.4,,9
1282,2007-07-06,26.2,,,1.6,65.4,,6.6
1283,2007-07-07,26.4,0.12,0,2.3,65.9,,5.4
1284,2007-07-08,25.8,,,1.8,70.8,,6.4
1285,2007-07-09,25.9,1.08,0.5,3,62,,5.9
1286,2007-07-10,22.4,5.55,3.5,4.5,66.9,,8.5
1287,2007-07-11,18.9,18.18,35.5,3.3,90,,10
1288,2007-07-12,23.4,0.08,0,1.8,72.9,,5.6
1289,2007-07-13,25.7,,,2.9,63.4,,6.1
1290,2007-07-14,24,0.18,0,5,54.9,,7
1291,2007-07-15,24.7,1,0,2.3,55.6,,5.6
1292,2007-07-16,19.9,17.98,35.5,3.9,91.6,,10
1293,2007-07-17,22.4,7.17,2.5,1.9,78.9,,7.3
1294,2007-07-18,26,,,1.6,65.9,,4.6
1295,2007-07-19,24.1,19.08,29.5,2.2,89.9,,10
1296,2007-07-20,26.2,2.62,0.4,1.5,78,,9
1297,2007-07-21,23.6,5.75,0.2,1.7,71.8,,9.9
1298,2007-07-22,24.6,,,2,64.5,,5
1299,2007-07-23,25.5,,,2,61.8,,8.9
1300,2007-07-24,23.4,13.5,19,1.7,85.6,,9.9
1301,2007-07-25,24.7,6,0.5,2.3,81.8,,9.6
1302,2007-07-26,26.7,,,1.7,71,,6.9
1303,2007-07-27,26.9,,,3,75.8,,8.4
1304,2007-07-28,25.1,,,2.2,83.9,,9.6
1305,2007-07-29,24.6,1.83,7.5,1.7,81.9,,6.9
1306,2007-07-30,26.4,,,1.9,70.6,,3
1307,2007-07-31,26.4,,,2.1,70,,4
1308,2007-08-01,27.2,1.98,1,4.1,76.8,,9.1
1309,2007-08-02,27.8,3.33,5,3.1,79.5,,6.9
1310,2007-08-03,27.5,1.17,0.5,2.2,74.6,,7.1
1311,2007-08-04,24.5,9.58,42,2.1,86.5,,10
1312,2007-08-05,24.8,1.75,0.1,2,79.9,,8.9
1313,2007-08-06,25.7,2.92,0.5,1.9,74.5,,8.9
1314,2007-08-07,23.8,12.2,32,2.3,87.5,,9.8
1315,2007-08-08,25.3,7.48,40.5,2.9,85.3,,9.6
1316,2007-08-09,26.1,6.97,31,4.1,84.1,,10
1317,2007-08-10,27.7,3.45,3.5,4.1,76.9,,7.4
1318,2007-08-11,28.7,0.07,0,1.8,67,,6.9
1319,2007-08-12,26.2,9.53,9,3.3,77.9,,9.1
1320,2007-08-13,27.6,5.2,2.5,2.2,75.4,,9.6
1321,2007-08-14,25.8,12.05,26.5,3,86.5,,9.9
1322,2007-08-15,26.4,2.75,6.5,1.9,79.1,,8.8
1323,2007-08-16,27.2,2.22,6,2.6,80.8,,5.5
1324,2007-08-17,27.6,,,1.6,71.6,,2.1
1325,2007-08-18,26.9,,,2.1,74,,5.5
1326,2007-08-19,27.3,,,2.2,72.4,,4.9
1327,2007-08-20,27.2,1.1,2.5,2.2,74,,5
1328,2007-08-21,27.4,1.7,2,3.2,79,,6.9
1329,2007-08-22,27.5,1.87,9.5,2.4,67.6,,4
1330,2007-08-23,26.9,,,1.7,65.3,,0
1331,2007-08-24,27.2,,,1.8,65.3,,1.8
1332,2007-08-25,28.3,,,2.4,71.5,,3.5
1333,2007-08-26,28,,,2.3,72,,7.1
1334,2007-08-27,26.7,2.72,17,3.9,80,,6.6
1335,2007-08-28,26.7,,,1.8,69.6,,6.9
1336,2007-08-29,23.3,1.8,0,4.2,67.9,,8.3
1337,2007-08-30,23.2,,,3.5,57,,7
1338,2007-08-31,23.7,,,2.1,59.4,,7.9
1339,2007-09-01,20.4,14.6,22,2.8,81.9,,10
1340,2007-09-02,20.7,2.87,0.3,2.3,77.5,,10
1341,2007-09-03,22.6,2.53,2,1.7,72.6,,7.6
1342,2007-09-04,22.4,3.85,0.5,2.3,72.6,,10
1343,2007-09-05,21.3,5.5,2,3,69.3,,9.5
1344,2007-09-06,17.8,15.58,19,2.2,85.8,,9.5
1345,2007-09-07,21.2,,,1.4,71.5,,7
1346,2007-09-08,21.8,,,2.7,61.4,,4.4
1347,2007-09-09,21.9,1.32,1.5,2.1,63.8,,2.4
1348,2007-09-10,23.7,,,2.3,74.4,,3.8
1349,2007-09-11,24.2,,,1.8,71.5,,5.5
1350,2007-09-12,24,,,1.7,70,,3.1
1351,2007-09-13,24.2,,,1.6,69.3,,5.4
1352,2007-09-14,22,9.43,44.5,3.1,75.3,,8.8
1353,2007-09-15,20.5,6.98,15.5,1.5,86.9,,9.1
1354,2007-09-16,21.1,7.63,3.5,3.3,77.6,,8.5
1355,2007-09-17,23.1,,,3.2,64,,1.9
1356,2007-09-18,20.4,8.83,36.5,4.1,82.4,,9.8
1357,2007-09-19,22.4,13.5,48.5,2.3,87.6,,9.4
1358,2007-09-20,25.6,8.43,18,2.7,75.8,,9
1359,2007-09-21,22.1,4,6.5,3.5,78.3,,9.4
1360,2007-09-22,20.2,1,0,4.2,69.1,,9.1
1361,2007-09-23,21.7,2.05,0.4,3.4,64.3,,8.5
1362,2007-09-24,22.5,3.73,0.5,2.2,68.9,,4.1
1363,2007-09-25,22.2,,,1.4,73,,1.5
1364,2007-09-26,22.1,,,2.5,72,,5.4
1365,2007-09-27,21,12.93,19.5,3.4,84.9,,10
1366,2007-09-28,17.2,1.08,0.5,2,63,,8.8
1367,2007-09-29,18.1,1.75,0.2,2.4,67.8,,8.4
1368,2007-09-30,17.9,5.05,0.5,1.4,78.4,,8.8
1369,2007-10-01,18.3,0.9,0,1.1,74.9,,8.6
1370,2007-10-02,19.5,,,1.4,71.1,,9.6
1371,2007-10-03,18.3,8.88,1,2.3,81.4,,10
1372,2007-10-04,20.2,3,1.5,1.7,78.1,,5.3
1373,2007-10-05,20.9,,,2.4,57.1,,2.4
1374,2007-10-06,21.3,,,2.2,51.9,,4.6
1375,2007-10-07,19.5,2.33,1.5,2.7,68.6,,6.3
1376,2007-10-08,13.4,,,3.2,57.6,,5
1377,2007-10-09,14.7,,,1.7,52.9,,0.3
1378,2007-10-10,15.9,0.22,0,1.6,66.6,,8.3
1379,2007-10-11,16.1,0.17,0,2.2,56.4,,8.8
1380,2007-10-12,16.4,,,2,45.8,,8.3
1381,2007-10-13,15,,,1.6,57.1,,6.1
1382,2007-10-14,15.5,,,1.9,48.4,,3.1
1383,2007-10-15,14.9,,,1.9,60,,3.5
1384,2007-10-16,14.4,,,1.6,62.4,,2.4
1385,2007-10-17,13.6,,,2.1,63.3,,1.4
1386,2007-10-18,14.4,,,1.6,58.3,,3.5
1387,2007-10-19,10.9,4.4,6.5,3.1,60.9,,5
1388,2007-10-20,6.2,,,4,43.1,,0.9
1389,2007-10-21,10.6,,,2.1,63.4,,1.5
1390,2007-10-22,14.6,,,2.1,73.1,,4.1
1391,2007-10-23,15.6,,,1.3,76.9,,3.5
1392,2007-10-24,15.9,,,1.6,69.3,,1.4
1393,2007-10-25,15.7,7.15,6,1.6,74,,7
1394,2007-10-26,16,4.25,1,1.6,69.1,,3.5
1395,2007-10-27,15.3,,,1.8,52.1,,0.4
1396,2007-10-28,13.7,3.33,22,2.8,72.4,,8.1
1397,2007-10-29,9.4,,,3.1,62.6,,7.3
1398,2007-10-30,10.1,,,1.7,53.8,,2.9
1399,2007-10-31,11.6,0.08,0,2.2,58.9,,7.9
1400,2007-11-01,8.4,,,3.5,38.3,,4.1
1401,2007-11-02,9.5,,,2.2,49,,5.8
1402,2007-11-03,11.6,,,1.9,41.8,,1.6
1403,2007-11-04,9.6,,,1.5,42,,1
1404,2007-11-05,9.3,,,1.2,46.5,,5.5
1405,2007-11-06,10.9,,,1.5,45.9,,1
1406,2007-11-07,12,,,1.6,54.3,,0.1
1407,2007-11-08,12.6,,,1.2,51.6,,0
1408,2007-11-09,11.9,1.6,0.3,2.4,63.9,,5.8
1409,2007-11-10,9.4,,,3.1,62.9,,7.1
1410,2007-11-11,8,,,1.7,62,,6.6
1411,2007-11-12,8.4,,,1.7,60.5,,1
1412,2007-11-13,9.1,,,1.6,68.3,,4.4
1413,2007-11-14,10.9,,,1.8,73,,7.8
1414,2007-11-15,8.3,2.32,0.3,2.8,60.9,,3.3
1415,2007-11-16,4.8,,,2.5,56.4,,0.3
1416,2007-11-17,5.1,1.5,2,2.6,58.3,,5.1
1417,2007-11-18,-1.8,,,4.2,30.5,,0
1418,2007-11-19,-0.3,2.47,5.5,1.9,50.4,1.5,5.8
1419,2007-11-20,0.6,0.37,0.3,3.1,47,,1.3
1420,2007-11-21,1.4,2.5,2.5,2.3,55.5,1.7,2.1
1421,2007-11-22,3.2,,,1.6,45.4,,4
1422,2007-11-23,7,9.67,15,2.4,78.3,,9.5
1423,2007-11-24,6.7,,,1.9,72.5,,1.8
1424,2007-11-25,6.1,,,1.7,72.6,,1.3
1425,2007-11-26,5.2,3.78,0.5,2.4,69.4,,5.5
1426,2007-11-27,1.7,,,2.4,42.9,,0.1
1427,2007-11-28,4.6,,,1.2,45.9,,0.1
1428,2007-11-29,6.1,,,2.4,51.5,,1.4
1429,2007-11-30,1.9,,,2.9,44.6,,0.5
1430,2007-12-01,4.4,,,2.5,58.3,,5.5
1431,2007-12-02,4.2,,,2.3,55,,7.5
1432,2007-12-03,0.8,0.13,0,2.9,48.9,,2.5
1433,2007-12-04,-2.8,,,3.1,47.5,,0
1434,2007-12-05,-2.1,,,2,41.9,,0
1435,2007-12-06,0.9,5.58,0.5,2.3,62.3,,9.4
1436,2007-12-07,1.6,4.05,2.5,2.2,77,0.8,5
1437,2007-12-08,0.5,,,2.4,55.8,,1.5
1438,2007-12-09,0.7,,,1.5,63.8,,1.8
1439,2007-12-10,2,2.55,1.5,2.5,64.6,,8
1440,2007-12-11,5.4,1.42,0.5,1.8,74.9,,7.3
1441,2007-12-12,4.2,,,1.8,68,,7.1
1442,2007-12-13,0.7,,,3.1,62.5,,1.6
1443,2007-12-14,-0.1,2.13,0.7,2.4,56.5,0.5,2.3
1444,2007-12-15,1.2,3.45,2.1,2.6,69.6,0.7,4.3
1445,2007-12-16,0.1,,,1.5,62.8,,2
1446,2007-12-17,2.3,,,2.1,54.9,,4.8
1447,2007-12-18,0.7,2,0.1,1.8,56,0,4.1
1448,2007-12-19,1,,,1.7,58.5,,2
1449,2007-12-20,3.3,1.88,0.7,2.2,71.6,0.3,4.8
1450,2007-12-21,2.6,,,2,65.6,,3.1
1451,2007-12-22,5.4,,,1.8,42.6,,2.9
1452,2007-12-23,3,,,2.4,63.3,,3.9
1453,2007-12-24,3,,,1.3,58.5,,0.9
1454,2007-12-25,5,,,1.5,58,,5.9
1455,2007-12-26,7.8,,,1.8,55.3,,0.4
1456,2007-12-27,6.4,4.13,0.4,2,69.9,,7.6
1457,2007-12-28,5.1,5.08,2,2.4,82.5,,9.1
1458,2007-12-29,-1.1,3.38,1.7,4,59,0.5,4.3
1459,2007-12-30,-6.4,0.25,0,4.6,48.6,0,2.6
1460,2007-12-31,-5.4,1,0,4.6,50.3,,1.9
1461,2008-01-01,-6.3,,,3.6,48.5,,0.6
1462,2008-01-02,-3.4,,,2.2,50.1,,1
1463,2008-01-03,0.9,,,2.5,52,,3.6
1464,2008-01-04,-0.3,,,2,54.4,,3.3
1465,2008-01-05,1.6,,,1.5,62.5,,1.9
1466,2008-01-06,4.1,,,1.5,73.3,,8.5
1467,2008-01-07,2.8,,,1.9,82.1,,7.4
1468,2008-01-08,1.8,,,1.9,63.3,,8.6
1469,2008-01-09,0.9,,,1.7,46.6,,6.1
1470,2008-01-10,0.1,,,1.7,39.1,,4.3
1471,2008-01-11,0.6,11.92,6.7,1.7,69.6,6.1,10
1472,2008-01-12,0.9,,,2.7,64.3,,7.3
1473,2008-01-13,-4.3,,,2.3,43.4,,5.8
1474,2008-01-14,-2.7,,,2.1,44.1,,0.6
1475,2008-01-15,-4.2,,,2.8,35.1,,3.3
1476,2008-01-16,-7.1,,,3.4,34,,0
1477,2008-01-17,-7.2,,,1.9,32,,6.5
1478,2008-01-18,-4.8,,,1.8,32.5,,2
1479,2008-01-19,-2.2,,,1.6,31.8,,7.9
1480,2008-01-20,2.3,,,2.1,42,,8.9
1481,2008-01-21,1.3,9.27,4.5,3.8,66.1,5.8,8.8
1482,2008-01-22,0.7,11.92,6.5,2.5,84.1,3.8,9.9
1483,2008-01-23,-2.8,,,3.8,56.4,,1.8
1484,2008-01-24,-7.5,,,3.5,38.9,,0
1485,2008-01-25,-5.9,,,2.1,40.3,,2.8
1486,2008-01-26,-2.7,,,1.6,39,,1
1487,2008-01-27,-1.4,,,1.5,42.9,,0.9
1488,2008-01-28,-0.8,,,1.7,39.8,,8.1
1489,2008-01-29,-0.2,,,2.1,44.8,,4.4
1490,2008-01-30,-2.2,1,0,3.6,47.4,,3.6
1491,2008-01-31,-4.2,,,3.1,42.5,,0
1492,2008-02-01,-3.3,,,2.1,40.8,,2
1493,2008-02-02,-1.1,,,2.1,45.8,,2.4
1494,2008-02-03,-0.7,,,2.1,56.3,,4
1495,2008-02-04,-2.7,,,3,46.5,,0.5
1496,2008-02-05,-3.4,,,2.4,42.3,,4.4
1497,2008-02-06,-3.2,,,2.7,43,,1.4
1498,2008-02-07,-3.9,,,2.6,45.5,,0.1
1499,2008-02-08,-2.7,1.42,0,2,51.4,,4.1
1500,2008-02-09,-1.9,0.33,0,2.5,55.3,0,3.1
1501,2008-02-10,-1.3,,,1.8,50.9,,4.5
1502,2008-02-11,-0.9,,,2.6,50.5,,4.8
1503,2008-02-12,-6.9,,,4,26.9,,0.8
1504,2008-02-13,-5.8,,,2.8,27.8,,0
1505,2008-02-14,-2.1,,,2.5,38.8,,0.9
1506,2008-02-15,-3.5,,,3.8,33.8,,0.3
1507,2008-02-16,-3.4,,,3,30.4,,0.1
1508,2008-02-17,-2.3,,,2.4,31.3,,0
1509,2008-02-18,-1.5,,,2.2,39.4,,3.1
1510,2008-02-19,0.5,,,2.6,57.1,,0.6
1511,2008-02-20,2.7,,,2.7,49.5,,0.8
1512,2008-02-21,4.4,,,2.6,38.1,,2.4
1513,2008-02-22,5.9,2.15,1,3.4,63.5,,6.6
1514,2008-02-23,-2.6,,,4.2,42.6,,0.6
1515,2008-02-24,-1.5,,,2.3,32,,0.5
1516,2008-02-25,-0.9,10.33,6.6,1.8,63.1,5.5,7.8
1517,2008-02-26,-1.1,8.17,7.4,3.2,66.5,2.8,4.4
1518,2008-02-27,1.1,,,3,42.4,,0
1519,2008-02-28,3.1,,,2.9,51.8,,2.4
1520,2008-02-29,4.6,,,3.2,58.8,,4.5
1521,2008-03-01,3,,,2.6,43.8,,0.9
1522,2008-03-02,2.6,2.17,0.2,2,63.3,,8.8
1523,2008-03-03,3.2,,,2.6,56.1,,3.8
1524,2008-03-04,1.8,4.25,4,1.3,68.3,1,4
1525,2008-03-05,2.8,,,2.5,55,,0.3
1526,2008-03-06,4.3,2.25,0.1,2.6,60.3,,5.1
1527,2008-03-07,4.5,,,2.6,43.8,,0
1528,2008-03-08,5.3,,,2.4,52.5,,1
1529,2008-03-09,5.9,,,2.6,63.3,,4.1
1530,2008-03-10,6.5,,,3,68.8,,4.5
1531,2008-03-11,10.9,,,1.7,58,,3.6
1532,2008-03-12,12.5,,,1.7,52,,0.8
1533,2008-03-13,9.9,4.52,0.4,2.6,69.8,,9.9
1534,2008-03-14,8.5,0.42,0,2.4,61.3,,1.9
1535,2008-03-15,8.3,0.5,0,3.4,53.9,,5.8
1536,2008-03-16,7.3,0.57,0,3.1,53.4,,1.3
1537,2008-03-17,9,,,1.6,41.5,,0.6
1538,2008-03-18,12.3,,,2.3,34.9,,4.1
1539,2008-03-19,11.2,,,3.6,37.3,,2.8
1540,2008-03-20,11.6,,,2.7,19.9,,0
1541,2008-03-21,13.1,,,2.3,24.5,,2.8
1542,2008-03-22,12.3,5.75,7,2.3,38.3,,8.9
1543,2008-03-23,7.6,24,27.5,1.9,90.1,,10
1544,2008-03-24,6.6,2.17,1,3.8,69.4,,5.3
1545,2008-03-25,4.4,7.43,0.5,3.7,71,,5.8
1546,2008-03-26,6.6,,,3.9,64,,4.1
1547,2008-03-27,7.1,1.18,0,3.8,59.3,,5.6
1548,2008-03-28,7.4,,,2.3,51.8,,3.1
1549,2008-03-29,6,19.17,13,1.7,84.6,,10
1550,2008-03-30,7.2,6.92,0.2,2.3,73.6,,8.8
1551,2008-03-31,8.1,,,3.1,59.5,,3.9
1552,2008-04-01,8.8,,,3.3,52.8,,3.6
1553,2008-04-02,7.6,7.8,2.5,3.6,72.1,,6.8
1554,2008-04-03,8.7,,,3.5,46.9,,0.1
1555,2008-04-04,10.1,,,2.7,46.8,,1.1
1556,2008-04-05,12.9,,,2.3,50.9,,3.3
1557,2008-04-06,14.8,1.92,1,2.5,41.5,,5.4
1558,2008-04-07,13.2,1.25,0.5,2.1,66.1,,4.6
1559,2008-04-08,16.4,,,1.8,44.5,,1.9
1560,2008-04-09,13.2,9.17,11.5,4.4,48.4,,10
1561,2008-04-10,15.6,5.33,1.5,2.3,45.4,,4
1562,2008-04-11,14.2,,,2.9,48.9,,3.6
1563,2008-04-12,13.8,0.75,0.3,2.5,55.4,,8.4
1564,2008-04-13,12.8,5.17,0.1,3.2,58.9,,5.6
1565,2008-04-14,13.5,,,2.5,44.9,,2.3
1566,2008-04-15,15.6,,,1.9,43.6,,4.1
1567,2008-04-16,18.1,,,2,41.4,,4.4
1568,2008-04-17,18.6,,,3,40.3,,1.6
1569,2008-04-18,18.5,,,2.5,44.4,,0.3
1570,2008-04-19,20.1,,,1.6,37.3,,0.3
1571,2008-04-20,20.6,,,2,27.1,,6.1
1572,2008-04-21,19.7,,,2.3,23.5,,9.9
1573,2008-04-22,16.5,13.73,8,1.9,49.1,,10
1574,2008-04-23,10.4,7.45,4,4.3,72.6,,8.3
1575,2008-04-24,9.6,,,3.8,39.4,,0.6
1576,2008-04-25,12.8,5.5,2,3.5,53.1,,9.5
1577,2008-04-26,10,4.3,7,3.7,75.4,,8.1
1578,2008-04-27,10.4,2.58,0.1,2.5,61.9,,3.6
1579,2008-04-28,13.1,,,2.3,46.8,,1.5
1580,2008-04-29,15.7,,,2.2,63.5,,3.1
1581,2008-04-30,18.2,,,3.1,64.8,,6.1
1582,2008-05-01,19.8,,,2.8,65.1,,3.3
1583,2008-05-02,20.3,,,2,62.6,,2.9
1584,2008-05-03,21.1,,,2,55.6,,3.6
1585,2008-05-04,18.3,6.43,1,2,67.4,,9.4
1586,2008-05-05,15.8,0.75,0.1,3.6,49.3,,0.9
1587,2008-05-06,17.2,,,4,30.1,,1.1
1588,2008-05-07,15.8,1.98,9.5,2.3,52.9,,8
1589,2008-05-08,18.7,0.18,0,2,54.8,,8.1
1590,2008-05-09,18.5,,,4.1,31.8,,5.8
1591,2008-05-10,15.7,,,3.8,34.5,,3
1592,2008-05-11,16,,,2.8,42.4,,1.8
1593,2008-05-12,15.9,2.5,0,2.8,44.4,,6.8
1594,2008-05-13,12.3,7.5,1.5,3.1,60.8,,8.6
1595,2008-05-14,13.1,,,2.8,56.3,,2.8
1596,2008-05-15,14.4,,,2.2,56.3,,1.5
1597,2008-05-16,15.7,,0,2.2,48.5,,1.5
1598,2008-05-17,17.6,,,1.8,43.9,,2.1
1599,2008-05-18,13.5,12.45,30,2,77.9,,9.6
1600,2008-05-19,13,1.63,0.1,3.9,66.1,,5.6
1601,2008-05-20,15.1,,,2.4,55,,0.9
1602,2008-05-21,16.8,2.7,4,2.9,64.9,,4.6
1603,2008-05-22,20.5,,,2.7,67.6,,5.5
1604,2008-05-23,21.5,,,1.5,68.3,,7.9
1605,2008-05-24,23,,,2.1,62.4,,4.8
1606,2008-05-25,20.7,,,3.4,70.6,,2.8
1607,2008-05-26,18.7,,,2.5,73.1,,7.1
1608,2008-05-27,21.5,,,2.7,58.6,,6.3
1609,2008-05-28,18.6,12.08,51.5,1.2,93.3,,9.1
1610,2008-05-29,22.3,,,2.4,71.5,,6.9
1611,2008-05-30,18,,,3.1,63.9,,6.1
1612,2008-05-31,17.9,,,3.3,51.9,,0.5
1613,2008-06-01,21.6,,,2.5,41.5,,2.9
1614,2008-06-02,18.9,6.85,62.5,3.2,70.9,,7.3
1615,2008-06-03,18.7,7.93,10,3.2,72.5,,9
1616,2008-06-04,16.9,4.27,5,3.7,72.9,,8.6
1617,2008-06-05,14.9,7.23,7.5,2.7,85,,8.8
1618,2008-06-06,16.7,,,3.1,77.5,,9.4
1619,2008-06-07,19.1,0.7,0,2.1,71.6,,6.8
1620,2008-06-08,18.9,4,4.5,1.7,78.3,,7.1
1621,2008-06-09,21,,,1.9,71,,4.8
1622,2008-06-10,22.7,,,2.2,68.3,,7
1623,2008-06-11,24.5,,,2.5,48.8,,4.4
1624,2008-06-12,23.3,1.13,10.5,2.2,57.1,,2.5
1625,2008-06-13,21.5,,,2.5,76.1,,3.5
1626,2008-06-14,23.9,,,2.8,62.8,,5
1627,2008-06-15,22.5,,,3.8,52.9,,3.1
1628,2008-06-16,23,,,2.9,38,,5.8
1629,2008-06-17,22.6,3.2,3,2.7,58.6,,9.8
1630,2008-06-18,19.1,20.2,46,3.4,92.5,,10
1631,2008-06-19,20.3,,,2.2,80.9,,8.4
1632,2008-06-20,24.3,,,1.7,67.8,,5.3
1633,2008-06-21,24.6,0.72,0,3.1,61,,8.8
1634,2008-06-22,22.6,3.42,6.5,3.3,65.3,,6.5
1635,2008-06-23,22.8,,,3,48.6,,5.6
1636,2008-06-24,23.4,,,2.6,49.8,,7
1637,2008-06-25,23.6,,,2.6,58.4,,5.6
1638,2008-06-26,23.3,,,2.9,61.1,,3.6
1639,2008-06-27,23.7,,,2.1,62.9,,6.4
1640,2008-06-28,22.6,3.37,2,1.9,72.9,,10
1641,2008-06-29,22.1,7.08,7.5,3.2,68.3,,6.3
1642,2008-06-30,22.5,,,2.7,65.9,,6.3
1643,2008-07-01,24.8,,,1.6,64.6,,9
1644,2008-07-02,22.4,13.33,14.5,3.1,82.8,,10
1645,2008-07-03,21.9,9.97,9,3.8,83.8,,9.1
1646,2008-07-04,24.3,0.92,0.1,2.3,80.4,,9.8
1647,2008-07-05,24.5,4.48,5,1.7,84.8,,9
1648,2008-07-06,25.5,,,3.2,82.4,,9.8
1649,2008-07-07,24.7,8,0.5,2,87.5,,9.8
1650,2008-07-08,27.6,,,2.1,71.4,,5.3
1651,2008-07-09,27.5,,,2.5,66.4,,1.5
1652,2008-07-10,26.3,,,2.2,67.3,,6.6
1653,2008-07-11,27,,,1.9,65,,7.9
1654,2008-07-12,24.5,12.75,50.5,2.5,84.4,,10
1655,2008-07-13,25.8,3.33,11.5,2.6,75.8,,5.6
1656,2008-07-14,27.3,,,2,70.6,,7
1657,2008-07-15,28.1,,,2.5,68.9,,7.6
1658,2008-07-16,24.8,4.92,10.5,3.8,82.4,,9.5
1659,2008-07-17,25.3,,,2.4,71.5,,4.9
1660,2008-07-18,26.2,,,2,67.6,,8.8
1661,2008-07-19,23.8,13.55,108.5,2.3,89,,9.8
1662,2008-07-20,24.7,17.73,124,2.8,89,,9.8
1663,2008-07-21,23,8.42,5,4.3,84.5,,9.5
1664,2008-07-22,24.7,0.4,0.1,2.9,76.3,,7.9
1665,2008-07-23,23.8,9.25,7,1.8,83,,9.4
1666,2008-07-24,22.4,21.75,127.5,2.7,93.8,,10
1667,2008-07-25,23.1,9.23,24,3.3,88,,10
1668,2008-07-26,22.2,12.78,32,2.9,89.5,,9.8
1669,2008-07-27,25.1,0.33,0.1,1.7,79.4,,8.3
1670,2008-07-28,26.9,,,1.5,71.6,,5.6
1671,2008-07-29,28,,,2.2,70.3,,4.9
1672,2008-07-30,26.1,1.5,0.5,1.5,78.1,,7.8
1673,2008-07-31,26.7,3,0.5,1.7,78.6,,8.8
1674,2008-08-01,27.7,1.58,0,4.1,72.4,,9.6
1675,2008-08-02,26.1,11.17,22,4.9,85.4,,10
1676,2008-08-03,25.5,5.17,1,3.1,78.6,,5.3
1677,2008-08-04,25.5,,,1.4,66.6,,1.9
1678,2008-08-05,26.3,,,1.7,68.3,,3.4
1679,2008-08-06,27.8,,,1.8,65.8,,1.1
1680,2008-08-07,28.7,,,1.8,57.9,,0.5
1681,2008-08-08,30,,,1.9,56.6,,1.6
1682,2008-08-09,28,1.05,2,1.9,69.4,,5.1
1683,2008-08-10,30.1,,,2.1,59.8,,2
1684,2008-08-11,28.2,1.07,0.2,2.1,67.3,,6.6
1685,2008-08-12,25.3,8.5,65.5,2.3,83.6,,9.3
1686,2008-08-13,27,4.08,27,1.9,79.6,,7.8
1687,2008-08-14,27.3,,,2.8,73,,5.8
1688,2008-08-15,25.7,4.58,4,2.2,76.8,,9.6
1689,2008-08-16,21.7,8.48,9,3,79.4,,7.5
1690,2008-08-17,24.2,2.67,0.5,2.5,66.5,,7.8
1691,2008-08-18,22.9,12.48,39,3.7,86.5,,9.6
1692,2008-08-19,23.9,0.12,0,4.2,70,,5.6
1693,2008-08-20,23.1,0.13,0,2.2,71.5,,4.9
1694,2008-08-21,23.4,,,3.1,52.8,,3.6
1695,2008-08-22,17.9,20.43,72.5,4.1,89.9,,10
1696,2008-08-23,21.5,4.08,5,1.6,79.9,,7.9
1697,2008-08-24,23.6,,,1.9,67,,5.3
1698,2008-08-25,24.4,0.83,3.5,1.8,71.5,,5.6
1699,2008-08-26,24,,,2.7,56,,4.4
1700,2008-08-27,24,,,2.2,60.3,,1.9
1701,2008-08-28,24.6,,,2.3,64.6,,0.9
1702,2008-08-29,25.2,,,1.4,66.5,,1.3
1703,2008-08-30,25.7,,,2.1,56,,3.5
1704,2008-08-31,25.2,,,2.5,53.4,,7
1705,2008-09-01,19.7,19.75,72.5,3.5,89.3,,10
1706,2008-09-02,21.9,3.42,5.5,2.2,74.1,,6.6
1707,2008-09-03,23.2,,,1.5,68.9,,3.9
1708,2008-09-04,24,,,2,62.6,,6.3
1709,2008-09-05,22.6,1.2,0.2,1.7,69.4,,8.9
1710,2008-09-06,24.2,,,1.6,61.6,,3.6
1711,2008-09-07,25.2,,,1.6,65.9,,4.3
1712,2008-09-08,25.4,,,1.7,64.8,,4.5
1713,2008-09-09,24.9,,,1.9,64.6,,3.3
1714,2008-09-10,24.3,,,2.3,67.5,,4
1715,2008-09-11,21.9,2.5,0.5,1.4,78.9,,8.5
1716,2008-09-12,24.1,,,1.7,63,,4.6
1717,2008-09-13,23.3,,,1.6,59.6,,0.1
1718,2008-09-14,24.4,,,2,60.5,,3.3
1719,2008-09-15,25.1,,,1.8,60.3,,4
1720,2008-09-16,24.4,,,1.5,60.1,,2.4
1721,2008-09-17,25.1,,,1.5,49.3,,3.1
1722,2008-09-18,25.5,,,1.8,49.8,,0.8
1723,2008-09-19,25.3,,,1.8,51.9,,6.9
1724,2008-09-20,21.7,5.92,7,2.3,75.8,,7.6
1725,2008-09-21,23.5,,,1.9,65.6,,1
1726,2008-09-22,22.3,3.42,6.5,2,73,,8.9
1727,2008-09-23,21.8,,,1.2,82.6,,7.4
1728,2008-09-24,21.5,,,2.2,76.4,,9.4
1729,2008-09-25,16.2,7.07,7,2.5,80.5,,9.6
1730,2008-09-26,14.6,,,3,40,,4
1731,2008-09-27,14.8,,,1.6,38.5,,5.6
1732,2008-09-28,15.5,,,1.3,51.6,,8.1
1733,2008-09-29,17.4,,,1.6,52.5,,1.6
1734,2008-09-30,17.6,,,1.6,63.6,,4.6
1735,2008-10-01,19.8,,,2,59.6,,0.6
1736,2008-10-02,20,,,2.4,64.5,,0.8
1737,2008-10-03,19.5,,,2.1,73.8,,2.4
1738,2008-10-04,19.7,,,1.9,60.4,,5.8
1739,2008-10-05,20.1,,,2.4,60.5,,5.6
1740,2008-10-06,18.2,,,2.3,61.9,,6
1741,2008-10-07,17,,,1.7,63,,3.6
1742,2008-10-08,17.7,,,2.5,65.3,,6
1743,2008-10-09,18.7,,,1.1,58.3,,3.5
1744,2008-10-10,17.9,0.17,0,2.7,59.6,,5.4
1745,2008-10-11,14.4,,,2.6,39.5,,1.1
1746,2008-10-12,14.3,,,1.5,52.3,,1.8
1747,2008-10-13,15.4,,,1.6,62.5,,3.3
1748,2008-10-14,16.1,,,1.7,65,,0.5
1749,2008-10-15,16.5,,,1.1,75.4,,5
1750,2008-10-16,18,,,1.5,71.6,,5.4
1751,2008-10-17,18.7,,,1.2,66.9,,0.4
1752,2008-10-18,19.8,,,1.5,61,,1.1
1753,2008-10-19,18.5,,,1.4,66.6,,6.3
1754,2008-10-20,18.6,,,1.2,60,,1.5
1755,2008-10-21,19,,,1.6,55,,7.4
1756,2008-10-22,16.8,10.22,8,2.9,72.4,,9.5
1757,2008-10-23,16.5,3.95,9,3.2,82.9,,8.9
1758,2008-10-24,11.1,0.67,0.3,3.3,50.3,,2.4
1759,2008-10-25,11.6,2.8,3,1.9,68,,5.6
1760,2008-10-26,12,,,3.2,44.6,,2.4
1761,2008-10-27,10.2,,,2.3,51.1,,2.3
1762,2008-10-28,10.9,,,1.6,56.1,,3.5
1763,2008-10-29,11.9,,,2,49.9,,4.6
1764,2008-10-30,11.1,0.3,0,2.2,48.5,,2.8
1765,2008-10-31,10.6,4.87,21.5,1.7,82.8,,5.9
1766,2008-11-01,11,,,2.4,71,,4.8
1767,2008-11-02,12.7,,,2.7,56.9,,4.5
1768,2008-11-03,11,0.33,0,2.7,48.1,,1.5
1769,2008-11-04,9,,,1.7,30.6,,0
1770,2008-11-05,11.5,,,1.7,47.9,,4.8
1771,2008-11-06,15.3,,,2.1,71.8,,7.3
1772,2008-11-07,11.9,,,2,61.1,,9.5
1773,2008-11-08,12,,,1.9,49.3,,4.6
1774,2008-11-09,10,1.18,1.5,2.4,70.1,,6.9
1775,2008-11-10,9.9,,,2.1,56.8,,0.8
1776,2008-11-11,10.4,,,2,50.8,,0.1
1777,2008-11-12,10,,,1.8,55.1,,0.8
1778,2008-11-13,10.1,,,1.8,59.8,,3.8
1779,2008-11-14,11.1,,,1.4,62.3,,6.3
1780,2008-11-15,10.7,8.45,3.5,1.3,74.9,,9.3
1781,2008-11-16,7.8,,,2.4,59.4,,1.8
1782,2008-11-17,3,,,3,50,,3.4
1783,2008-11-18,-3.1,,,3.6,38,,1.6
1784,2008-11-19,-4.2,,,3,41,,0.1
1785,2008-11-20,1.1,3.47,1,2.2,71,,4.5
1786,2008-11-21,4,,,2.7,47.1,,0.4
1787,2008-11-22,4.9,,,2,62,,5.6
1788,2008-11-23,7.1,,,1.6,66,,3.3
1789,2008-11-24,8.3,,,1.9,58,,7
1790,2008-11-25,6.7,,,1.5,61,,4.6
1791,2008-11-26,7.6,,,2.1,58.1,,6.5
1792,2008-11-27,5.6,11.45,13,2.4,82.8,,10
1793,2008-11-28,6.1,3.17,0.4,2.6,71.1,,6.8
1794,2008-11-29,3.6,2.07,0.2,4.2,53.9,,4.1
1795,2008-11-30,3.6,,,1.9,50.4,,3.1
1796,2008-12-01,7.9,1.62,0.1,2.5,60,,8.1
1797,2008-12-02,8.1,0.85,2.5,2,61.8,,1.3
1798,2008-12-03,7.1,,,1.9,43.1,,2.9
1799,2008-12-04,5.3,5.48,3.5,3.3,70.8,,8.1
1800,2008-12-05,-7.6,,,4.5,43.1,,1.5
1801,2008-12-06,-9,,,2.8,39.8,,0
1802,2008-12-07,-2.8,8.55,1.7,2.8,70.1,2.8,8.1
1803,2008-12-08,5.1,5.82,7,1.8,81.8,,7.9
1804,2008-12-09,7.9,0.52,0.5,1.7,73.5,,4.4
1805,2008-12-10,9.4,0.33,0,1.6,75,,6.3
1806,2008-12-11,3.7,4.17,3.5,3.6,57.9,,2.9
1807,2008-12-12,5.1,,,1.7,62.4,,5.1
1808,2008-12-13,1.3,,,2.8,56.1,,3.6
1809,2008-12-14,-1.1,,,2.5,43.1,,0.3
1810,2008-12-15,2.1,,,1.8,45.9,,1.5
1811,2008-12-16,4,,,1.8,52.6,,6.8
1812,2008-12-17,6.4,3.83,0.4,2.6,69.8,,6.6
1813,2008-12-18,-0.3,,,2.4,50,,0
1814,2008-12-19,1.8,0.67,0.1,2.3,57.9,,6
1815,2008-12-20,1.3,6.67,5,2.5,60,,9.9
1816,2008-12-21,-0.3,,,2.5,52.8,,6.6
1817,2008-12-22,-5.1,3.33,0.4,3,52.8,1.3,3.3
1818,2008-12-23,-1.2,4.58,0.7,1.5,63.5,2.4,3.4
1819,2008-12-24,2.8,0.4,0,2.5,65.3,,8.1
1820,2008-12-25,-1.3,0.57,0,4.7,39.4,,1.6
1821,2008-12-26,-5.6,,,2.9,30.8,,0
1822,2008-12-27,-3,,,1.4,43,,3
1823,2008-12-28,0.5,,,1.5,56.4,,6.4
1824,2008-12-29,1,2,0.5,2.6,66.5,,8.9
1825,2008-12-30,-4.2,,,3.5,43.3,,1.3
1826,2008-12-31,-6.2,,,2.8,47.3,,0
